t,x,y,theta,rho,ex_w,ey_w,vx,vy,w,reached
1.692,-0.2564,0.4770,-0.0000,0.8524,0.7064,-0.4770,0.1768,-0.1768,0.0000,0
1.712,-0.2564,0.4770,-0.0000,0.8524,0.7064,-0.4770,0.1768,-0.1768,0.0000,0
1.732,-0.2564,0.4770,-0.0000,0.8524,0.7064,-0.4770,0.1768,-0.1768,0.0000,0
1.752,-0.2564,0.4770,-0.0000,0.8524,0.7064,-0.4770,0.1768,-0.1768,0.0000,0
1.772,-0.2564,0.4770,-0.0000,0.8524,0.7064,-0.4770,0.1768,-0.1768,0.0000,0
1.793,-0.2564,0.4770,-0.0000,0.8524,0.7064,-0.4770,0.1768,-0.1768,0.0000,0
1.812,-0.2564,0.4770,-0.0000,0.8524,0.7064,-0.4770,0.1768,-0.1768,0.0000,0
1.832,-0.2564,0.4770,-0.0000,0.8524,0.7064,-0.4770,0.1768,-0.1768,0.0000,0
1.853,-0.2564,0.4770,-0.0000,0.8524,0.7064,-0.4770,0.1768,-0.1768,0.0000,0
1.872,-0.2564,0.4770,-0.0000,0.8524,0.7064,-0.4770,0.1768,-0.1768,0.0000,0
1.892,-0.2564,0.4770,-0.0000,0.8524,0.7064,-0.4770,0.1768,-0.1768,0.0000,0
1.912,-0.2564,0.4770,-0.0000,0.8524,0.7064,-0.4770,0.1768,-0.1768,0.0000,0
1.933,-0.2564,0.4770,-0.0000,0.8524,0.7064,-0.4770,0.1768,-0.1768,0.0000,0
1.952,-0.2564,0.4770,-0.0000,0.8524,0.7064,-0.4770,0.1768,-0.1768,0.0000,0
1.972,-0.2564,0.4770,-0.0000,0.8524,0.7064,-0.4770,0.1768,-0.1768,0.0000,0
1.992,-0.2564,0.4770,-0.0000,0.8524,0.7064,-0.4770,0.1768,-0.1768,0.0000,0
2.013,-0.2564,0.4770,-0.0000,0.8524,0.7064,-0.4770,0.1768,-0.1768,0.0000,0
2.032,-0.2564,0.4770,-0.0000,0.8524,0.7064,-0.4770,0.1768,-0.1768,0.0000,0
2.052,-0.2564,0.4770,-0.0000,0.8524,0.7064,-0.4770,0.1768,-0.1768,0.0000,0
2.072,-0.2564,0.4770,-0.0000,0.8524,0.7064,-0.4770,0.1768,-0.1768,0.0000,0
2.092,-0.2564,0.4770,-0.0000,0.8524,0.7064,-0.4770,0.1768,-0.1768,0.0000,0
2.112,-0.2564,0.4770,-0.0000,0.8524,0.7064,-0.4770,0.1768,-0.1768,0.0000,0
2.132,-0.2564,0.4770,-0.0000,0.8524,0.7064,-0.4770,0.1768,-0.1768,0.0000,0
2.152,-0.2564,0.4770,-0.0000,0.8524,0.7064,-0.4770,0.1768,-0.1768,0.0000,0
2.172,-0.2564,0.4770,-0.0000,0.8524,0.7064,-0.4770,0.1768,-0.1768,0.0000,0
2.192,-0.2564,0.4770,-0.0000,0.8524,0.7064,-0.4770,0.1768,-0.1768,0.0000,0
2.212,-0.2564,0.4770,-0.0000,0.8524,0.7064,-0.4770,0.1768,-0.1768,0.0000,0
2.232,-0.2564,0.4770,-0.0000,0.8524,0.7064,-0.4770,0.1768,-0.1768,0.0000,0
2.253,-0.2564,0.4770,-0.0000,0.8524,0.7064,-0.4770,0.1768,-0.1768,0.0000,0
2.272,-0.2564,0.4770,-0.0000,0.8524,0.7064,-0.4770,0.1768,-0.1768,0.0000,0
2.292,-0.2564,0.4770,-0.0000,0.8524,0.7064,-0.4770,0.1768,-0.1768,0.0000,0
2.312,-0.2564,0.4770,-0.0000,0.8524,0.7064,-0.4770,0.1768,-0.1768,0.0000,0
2.332,-0.2564,0.4770,-0.0000,0.8524,0.7064,-0.4770,0.1768,-0.1768,0.0000,0
2.353,-0.2564,0.4770,-0.0000,0.8524,0.7064,-0.4770,0.1768,-0.1768,0.0000,0
2.372,-0.2564,0.4770,-0.0000,0.8524,0.7064,-0.4770,0.1768,-0.1768,0.0000,0
2.392,-0.2564,0.4770,-0.0000,0.8524,0.7064,-0.4770,0.1768,-0.1768,0.0000,0
2.412,-0.2564,0.4770,-0.0000,0.8524,0.7064,-0.4770,0.1768,-0.1768,0.0000,0
2.432,-0.2564,0.4770,-0.0000,0.8524,0.7064,-0.4770,0.1768,-0.1768,0.0000,0
2.452,-0.2564,0.4770,-0.0000,0.8524,0.7064,-0.4770,0.1768,-0.1768,0.0000,0
2.472,-0.2564,0.4770,-0.0000,0.8524,0.7064,-0.4770,0.1768,-0.1768,0.0000,0
2.492,-0.2564,0.4770,-0.0000,0.8524,0.7064,-0.4770,0.1768,-0.1768,0.0000,0
2.512,-0.2564,0.4770,-0.0000,0.8524,0.7064,-0.4770,0.1768,-0.1768,0.0000,0
2.532,-0.2564,0.4770,-0.0000,0.8524,0.7064,-0.4770,0.1768,-0.1768,0.0000,0
2.552,-0.2564,0.4770,-0.0000,0.8524,0.7064,-0.4770,0.1768,-0.1768,0.0000,0
2.573,-0.2538,0.4744,-0.0000,0.8488,0.7038,-0.4744,0.1768,-0.1768,0.0000,0
2.593,-0.2538,0.4744,-0.0000,0.8488,0.7038,-0.4744,0.1768,-0.1768,0.0000,0
2.613,-0.2538,0.4744,-0.0000,0.8488,0.7038,-0.4744,0.1768,-0.1768,0.0000,0
2.632,-0.2525,0.4731,-0.0000,0.8470,0.7025,-0.4731,0.1768,-0.1768,0.0000,0
2.652,-0.2525,0.4731,-0.0000,0.8470,0.7025,-0.4731,0.1768,-0.1768,0.0000,0
2.672,-0.2525,0.4731,-0.0000,0.8470,0.7025,-0.4731,0.1768,-0.1768,0.0000,0
2.693,-0.2525,0.4731,-0.0000,0.8470,0.7025,-0.4731,0.1768,-0.1768,0.0000,0
2.712,-0.2499,0.4705,-0.0000,0.8433,0.6999,-0.4705,0.1768,-0.1768,0.0000,0
2.732,-0.2499,0.4705,-0.0000,0.8433,0.6999,-0.4705,0.1768,-0.1768,0.0000,0
2.752,-0.2499,0.4705,-0.0000,0.8433,0.6999,-0.4705,0.1768,-0.1768,0.0000,0
2.773,-0.2499,0.4705,-0.0000,0.8433,0.6999,-0.4705,0.1768,-0.1768,0.0000,0
2.792,-0.2460,0.4666,-0.0000,0.8379,0.6960,-0.4666,0.1768,-0.1768,0.0000,0
2.812,-0.2460,0.4666,-0.0000,0.8379,0.6960,-0.4666,0.1768,-0.1768,0.0000,0
2.834,-0.2460,0.4666,-0.0000,0.8379,0.6960,-0.4666,0.1768,-0.1768,0.0000,0
2.852,-0.2434,0.4640,-0.0000,0.8343,0.6934,-0.4640,0.1768,-0.1768,0.0000,0
2.872,-0.2408,0.4614,-0.0000,0.8307,0.6908,-0.4614,0.1768,-0.1768,0.0000,0
2.892,-0.2408,0.4614,-0.0000,0.8307,0.6908,-0.4614,0.1768,-0.1768,0.0000,0
2.914,-0.2408,0.4614,-0.0000,0.8307,0.6908,-0.4614,0.1768,-0.1768,0.0000,0
2.932,-0.2395,0.4600,-0.0000,0.8288,0.6895,-0.4600,0.1768,-0.1768,0.0000,0
2.952,-0.2381,0.4587,-0.0000,0.8270,0.6881,-0.4587,0.1768,-0.1768,0.0000,0
2.972,-0.2381,0.4587,-0.0000,0.8270,0.6881,-0.4587,0.1768,-0.1768,0.0000,0
2.992,-0.2381,0.4587,-0.0000,0.8270,0.6881,-0.4587,0.1768,-0.1768,0.0000,0
3.012,-0.2355,0.4561,-0.0000,0.8234,0.6855,-0.4561,0.1768,-0.1768,0.0000,0
3.032,-0.2355,0.4561,-0.0000,0.8234,0.6855,-0.4561,0.1768,-0.1768,0.0000,0
3.054,-0.2355,0.4561,-0.0000,0.8234,0.6855,-0.4561,0.1768,-0.1768,0.0000,0
3.073,-0.2342,0.4548,-0.0000,0.8216,0.6842,-0.4548,0.1768,-0.1768,0.0000,0
3.092,-0.2316,0.4522,-0.0000,0.8180,0.6816,-0.4522,0.1768,-0.1768,0.0000,0
3.112,-0.2316,0.4522,-0.0000,0.8180,0.6816,-0.4522,0.1768,-0.1768,0.0000,0
3.132,-0.2316,0.4522,-0.0000,0.8180,0.6816,-0.4522,0.1768,-0.1768,0.0000,0
3.152,-0.2303,0.4509,-0.0000,0.8162,0.6803,-0.4509,0.1768,-0.1768,0.0000,0
3.172,-0.2277,0.4483,-0.0000,0.8126,0.6777,-0.4483,0.1768,-0.1768,0.0000,0
3.192,-0.2277,0.4483,-0.0000,0.8126,0.6777,-0.4483,0.1768,-0.1768,0.0000,0
3.212,-0.2264,0.4470,-0.0000,0.8108,0.6764,-0.4470,0.1768,-0.1768,0.0000,0
3.232,-0.2251,0.4457,-0.0000,0.8089,0.6751,-0.4457,0.1768,-0.1768,0.0000,0
3.252,-0.2251,0.4457,-0.0000,0.8089,0.6751,-0.4457,0.1768,-0.1768,0.0000,0
3.273,-0.2251,0.4457,-0.0000,0.8089,0.6751,-0.4457,0.1768,-0.1768,0.0000,0
3.293,-0.2238,0.4444,-0.0000,0.8071,0.6738,-0.4444,0.1768,-0.1768,0.0000,0
3.312,-0.2238,0.4444,-0.0000,0.8071,0.6738,-0.4444,0.1768,-0.1768,0.0000,0
3.332,-0.2238,0.4444,-0.0000,0.8071,0.6738,-0.4444,0.1768,-0.1768,0.0000,0
3.352,-0.2238,0.4444,-0.0000,0.8071,0.6738,-0.4444,0.1768,-0.1768,0.0000,0
3.372,-0.2225,0.4431,-0.0000,0.8053,0.6725,-0.4431,0.1768,-0.1768,0.0000,0
3.392,-0.2212,0.4418,-0.0000,0.8035,0.6712,-0.4418,0.1768,-0.1768,0.0000,0
3.412,-0.2212,0.4418,-0.0000,0.8035,0.6712,-0.4418,0.1768,-0.1768,0.0000,0
3.432,-0.2212,0.4418,-0.0000,0.8035,0.6712,-0.4418,0.1768,-0.1768,0.0000,0
3.452,-0.2186,0.4392,-0.0000,0.7999,0.6686,-0.4392,0.1768,-0.1768,0.0000,0
3.472,-0.2186,0.4392,-0.0000,0.7999,0.6686,-0.4392,0.1768,-0.1768,0.0000,0
3.493,-0.2186,0.4392,-0.0000,0.7999,0.6686,-0.4392,0.1768,-0.1768,0.0000,0
3.512,-0.2173,0.4379,-0.0000,0.7981,0.6673,-0.4379,0.1768,-0.1768,0.0000,0
3.533,-0.2160,0.4366,-0.0000,0.7963,0.6660,-0.4366,0.1768,-0.1768,0.0000,0
3.552,-0.2160,0.4366,-0.0000,0.7963,0.6660,-0.4366,0.1768,-0.1768,0.0000,0
3.573,-0.2160,0.4366,-0.0000,0.7963,0.6660,-0.4366,0.1768,-0.1768,0.0000,0
3.592,-0.2160,0.4366,-0.0000,0.7963,0.6660,-0.4366,0.1768,-0.1768,0.0000,0
3.612,-0.2146,0.4352,-0.0000,0.7945,0.6646,-0.4352,0.1768,-0.1768,0.0000,0
3.632,-0.2146,0.4352,-0.0000,0.7945,0.6646,-0.4352,0.1768,-0.1768,0.0000,0
3.652,-0.2146,0.4352,-0.0000,0.7945,0.6646,-0.4352,0.1768,-0.1768,0.0000,0
3.674,-0.2107,0.4313,-0.0000,0.7891,0.6607,-0.4313,0.1768,-0.1768,0.0000,0
3.692,-0.2107,0.4313,-0.0000,0.7891,0.6607,-0.4313,0.1768,-0.1768,0.0000,0
3.712,-0.2107,0.4313,-0.0000,0.7891,0.6607,-0.4313,0.1768,-0.1768,0.0000,0
3.732,-0.2107,0.4313,-0.0000,0.7891,0.6607,-0.4313,0.1768,-0.1768,0.0000,0
3.752,-0.2068,0.4274,-0.0000,0.7836,0.6568,-0.4274,0.1768,-0.1768,0.0000,0
3.773,-0.2068,0.4274,-0.0000,0.7836,0.6568,-0.4274,0.1768,-0.1768,0.0000,0
3.793,-0.2068,0.4274,-0.0000,0.7836,0.6568,-0.4274,0.1768,-0.1768,0.0000,0
3.812,-0.2042,0.4248,-0.0000,0.7800,0.6542,-0.4248,0.1768,-0.1768,0.0000,0
3.832,-0.2016,0.4222,-0.0000,0.7764,0.6516,-0.4222,0.1768,-0.1768,0.0000,0
3.852,-0.2016,0.4222,-0.0000,0.7764,0.6516,-0.4222,0.1768,-0.1768,0.0000,0
3.873,-0.2016,0.4222,-0.0000,0.7764,0.6516,-0.4222,0.1768,-0.1768,0.0000,0
3.892,-0.1990,0.4196,-0.0000,0.7728,0.6490,-0.4196,0.1768,-0.1768,0.0000,0
3.912,-0.1990,0.4196,-0.0000,0.7728,0.6490,-0.4196,0.1768,-0.1768,0.0000,0
3.932,-0.1990,0.4196,-0.0000,0.7728,0.6490,-0.4196,0.1768,-0.1768,0.0000,0
3.953,-0.1964,0.4170,-0.0000,0.7692,0.6464,-0.4170,0.1768,-0.1768,0.0000,0
3.972,-0.1964,0.4170,-0.0000,0.7692,0.6464,-0.4170,0.1768,-0.1768,0.0000,0
3.992,-0.1964,0.4170,-0.0000,0.7692,0.6464,-0.4170,0.1768,-0.1768,0.0000,0
4.013,-0.1964,0.4170,-0.0000,0.7692,0.6464,-0.4170,0.1768,-0.1768,0.0000,0
4.033,-0.1951,0.4157,-0.0000,0.7674,0.6451,-0.4157,0.1768,-0.1768,0.0000,0
4.052,-0.1938,0.4144,-0.0000,0.7656,0.6438,-0.4144,0.1768,-0.1768,0.0000,0
4.072,-0.1938,0.4144,-0.0000,0.7656,0.6438,-0.4144,0.1768,-0.1768,0.0000,0
4.092,-0.1938,0.4144,-0.0000,0.7656,0.6438,-0.4144,0.1768,-0.1768,0.0000,0
4.112,-0.1912,0.4117,-0.0000,0.7620,0.6412,-0.4117,0.1768,-0.1768,0.0000,0
4.132,-0.1898,0.4104,-0.0000,0.7602,0.6398,-0.4104,0.1768,-0.1768,0.0000,0
4.152,-0.1898,0.4104,-0.0000,0.7602,0.6398,-0.4104,0.1768,-0.1768,0.0000,0
4.172,-0.1898,0.4104,-0.0000,0.7602,0.6398,-0.4104,0.1768,-0.1768,0.0000,0
4.192,-0.1872,0.4078,-0.0000,0.7566,0.6372,-0.4078,0.1768,-0.1768,0.0000,0
4.212,-0.1872,0.4078,-0.0000,0.7566,0.6372,-0.4078,0.1768,-0.1768,0.0000,0
4.233,-0.1872,0.4078,-0.0000,0.7566,0.6372,-0.4078,0.1768,-0.1768,0.0000,0
4.252,-0.1846,0.4052,-0.0000,0.7530,0.6346,-0.4052,0.1768,-0.1768,0.0000,0
4.272,-0.1846,0.4052,-0.0000,0.7530,0.6346,-0.4052,0.1768,-0.1768,0.0000,0
4.292,-0.1846,0.4052,-0.0000,0.7530,0.6346,-0.4052,0.1768,-0.1768,0.0000,0
4.313,-0.1846,0.4052,-0.0000,0.7530,0.6346,-0.4052,0.1768,-0.1768,0.0000,0
4.332,-0.1820,0.4026,-0.0000,0.7494,0.6320,-0.4026,0.1768,-0.1768,0.0000,0
4.352,-0.1820,0.4026,-0.0000,0.7494,0.6320,-0.4026,0.1768,-0.1768,0.0000,0
4.372,-0.1820,0.4026,-0.0000,0.7494,0.6320,-0.4026,0.1768,-0.1768,0.0000,0
4.392,-0.1820,0.4026,-0.0000,0.7494,0.6320,-0.4026,0.1768,-0.1768,0.0000,0
4.412,-0.1781,0.3987,-0.0000,0.7440,0.6281,-0.3987,0.1768,-0.1768,0.0000,0
4.432,-0.1781,0.3987,-0.0000,0.7440,0.6281,-0.3987,0.1768,-0.1768,0.0000,0
4.453,-0.1755,0.3961,-0.0000,0.7403,0.6255,-0.3961,0.1768,-0.1768,0.0000,0
4.473,-0.1729,0.3935,-0.0000,0.7367,0.6229,-0.3935,0.1768,-0.1768,0.0000,0
4.492,-0.1729,0.3935,-0.0000,0.7367,0.6229,-0.3935,0.1768,-0.1768,0.0000,0
4.512,-0.1729,0.3935,-0.0000,0.7367,0.6229,-0.3935,0.1768,-0.1768,0.0000,0
4.532,-0.1716,0.3922,-0.0000,0.7349,0.6216,-0.3922,0.1768,-0.1768,0.0000,0
4.553,-0.1716,0.3922,-0.0000,0.7349,0.6216,-0.3922,0.1768,-0.1768,0.0000,0
4.572,-0.1716,0.3922,-0.0000,0.7349,0.6216,-0.3922,0.1768,-0.1768,0.0000,0
4.593,-0.1716,0.3922,-0.0000,0.7349,0.6216,-0.3922,0.1768,-0.1768,0.0000,0
4.612,-0.1716,0.3922,-0.0000,0.7349,0.6216,-0.3922,0.1768,-0.1768,0.0000,0
4.632,-0.1690,0.3896,-0.0000,0.7313,0.6190,-0.3896,0.1768,-0.1768,0.0000,0
4.653,-0.1690,0.3896,-0.0000,0.7313,0.6190,-0.3896,0.1768,-0.1768,0.0000,0
4.672,-0.1690,0.3896,-0.0000,0.7313,0.6190,-0.3896,0.1768,-0.1768,0.0000,0
4.692,-0.1650,0.3856,-0.0000,0.7259,0.6150,-0.3856,0.1768,-0.1768,0.0000,0
4.712,-0.1650,0.3856,-0.0000,0.7259,0.6150,-0.3856,0.1768,-0.1768,0.0000,0
4.733,-0.1650,0.3856,-0.0000,0.7259,0.6150,-0.3856,0.1768,-0.1768,0.0000,0
4.753,-0.1624,0.3830,-0.0000,0.7223,0.6124,-0.3830,0.1768,-0.1768,0.0000,0
4.772,-0.1624,0.3830,-0.0000,0.7223,0.6124,-0.3830,0.1768,-0.1768,0.0000,0
4.792,-0.1624,0.3830,-0.0000,0.7223,0.6124,-0.3830,0.1768,-0.1768,0.0000,0
4.812,-0.1624,0.3830,-0.0000,0.7223,0.6124,-0.3830,0.1768,-0.1768,0.0000,0
4.832,-0.1598,0.3804,-0.0000,0.7187,0.6098,-0.3804,0.1768,-0.1768,0.0000,0
4.853,-0.1598,0.3804,-0.0000,0.7187,0.6098,-0.3804,0.1768,-0.1768,0.0000,0
4.873,-0.1598,0.3804,-0.0000,0.7187,0.6098,-0.3804,0.1768,-0.1768,0.0000,0
4.892,-0.1598,0.3804,-0.0000,0.7187,0.6098,-0.3804,0.1768,-0.1768,0.0000,0
4.912,-0.1585,0.3791,-0.0000,0.7170,0.6085,-0.3791,0.1768,-0.1768,0.0000,0
4.933,-0.1585,0.3791,-0.0000,0.7170,0.6085,-0.3791,0.1768,-0.1768,0.0000,0
4.953,-0.1585,0.3791,-0.0000,0.7170,0.6085,-0.3791,0.1768,-0.1768,0.0000,0
4.973,-0.1546,0.3752,-0.0000,0.7116,0.6046,-0.3752,0.1768,-0.1768,0.0000,0
4.992,-0.1546,0.3752,-0.0000,0.7116,0.6046,-0.3752,0.1768,-0.1768,0.0000,0
5.013,-0.1546,0.3752,-0.0000,0.7116,0.6046,-0.3752,0.1768,-0.1768,0.0000,0
5.032,-0.1533,0.3739,-0.0000,0.7098,0.6033,-0.3739,0.1768,-0.1768,0.0000,0
5.052,-0.1507,0.3713,-0.0000,0.7062,0.6007,-0.3713,0.1768,-0.1768,0.0000,0
5.072,-0.1507,0.3713,-0.0000,0.7062,0.6007,-0.3713,0.1768,-0.1768,0.0000,0
5.092,-0.1507,0.3713,-0.0000,0.7062,0.6007,-0.3713,0.1768,-0.1768,0.0000,0
5.113,-0.1481,0.3687,-0.0000,0.7026,0.5981,-0.3687,0.1768,-0.1768,0.0000,0
5.132,-0.1481,0.3687,-0.0000,0.7026,0.5981,-0.3687,0.1768,-0.1768,0.0000,0
5.152,-0.1481,0.3687,-0.0000,0.7026,0.5981,-0.3687,0.1768,-0.1768,0.0000,0
5.173,-0.1481,0.3687,-0.0000,0.7026,0.5981,-0.3687,0.1768,-0.1768,0.0000,0
5.193,-0.1455,0.3661,-0.0000,0.6990,0.5955,-0.3661,0.1768,-0.1768,0.0000,0
5.213,-0.1455,0.3661,-0.0000,0.6990,0.5955,-0.3661,0.1768,-0.1768,0.0000,0
5.233,-0.1455,0.3661,-0.0000,0.6990,0.5955,-0.3661,0.1768,-0.1768,0.0000,0
5.253,-0.1455,0.3661,-0.0000,0.6990,0.5955,-0.3661,0.1768,-0.1768,0.0000,0
5.273,-0.1455,0.3661,-0.0000,0.6990,0.5955,-0.3661,0.1768,-0.1768,0.0000,0
5.292,-0.1455,0.3661,-0.0000,0.6990,0.5955,-0.3661,0.1768,-0.1768,0.0000,0
5.313,-0.1455,0.3661,-0.0000,0.6990,0.5955,-0.3661,0.1768,-0.1768,0.0000,0
5.332,-0.1455,0.3661,-0.0000,0.6990,0.5955,-0.3661,0.1768,-0.1768,0.0000,0
5.353,-0.1455,0.3661,-0.0000,0.6990,0.5955,-0.3661,0.1768,-0.1768,0.0000,0
5.373,-0.1455,0.3661,-0.0000,0.6990,0.5955,-0.3661,0.1768,-0.1768,0.0000,0
5.392,-0.1455,0.3661,-0.0000,0.6990,0.5955,-0.3661,0.1768,-0.1768,0.0000,0
5.412,-0.1429,0.3634,-0.0000,0.6954,0.5929,-0.3634,0.1768,-0.1768,0.0000,0
5.432,-0.1415,0.3621,-0.0000,0.6936,0.5915,-0.3621,0.1768,-0.1768,0.0000,0
5.452,-0.1350,0.3556,-0.0000,0.6846,0.5850,-0.3556,0.1768,-0.1768,0.0000,0
5.472,-0.1324,0.3530,-0.0000,0.6810,0.5824,-0.3530,0.1768,-0.1768,0.0000,0
5.493,-0.1311,0.3517,-0.0000,0.6792,0.5811,-0.3517,0.1768,-0.1768,0.0000,0
5.512,-0.1311,0.3517,-0.0000,0.6792,0.5811,-0.3517,0.1768,-0.1768,0.0000,0
5.532,-0.1311,0.3517,-0.0000,0.6792,0.5811,-0.3517,0.1768,-0.1768,0.0000,0
5.552,-0.1311,0.3517,-0.0000,0.6792,0.5811,-0.3517,0.1768,-0.1768,0.0000,0
5.572,-0.1285,0.3491,-0.0000,0.6757,0.5785,-0.3491,0.1768,-0.1768,0.0000,0
5.592,-0.1285,0.3491,-0.0000,0.6757,0.5785,-0.3491,0.1768,-0.1768,0.0000,0
5.613,-0.1285,0.3491,-0.0000,0.6757,0.5785,-0.3491,0.1768,-0.1768,0.0000,0
5.632,-0.1285,0.3491,-0.0000,0.6757,0.5785,-0.3491,0.1768,-0.1768,0.0000,0
5.652,-0.1272,0.3478,-0.0000,0.6739,0.5772,-0.3478,0.1768,-0.1768,0.0000,0
5.672,-0.1272,0.3478,-0.0000,0.6739,0.5772,-0.3478,0.1768,-0.1768,0.0000,0
5.692,-0.1272,0.3478,-0.0000,0.6739,0.5772,-0.3478,0.1768,-0.1768,0.0000,0
5.712,-0.1272,0.3478,-0.0000,0.6739,0.5772,-0.3478,0.1768,-0.1768,0.0000,0
5.732,-0.1272,0.3478,-0.0000,0.6739,0.5772,-0.3478,0.1768,-0.1768,0.0000,0
5.754,-0.1272,0.3478,-0.0000,0.6739,0.5772,-0.3478,0.1768,-0.1768,0.0000,0
5.772,-0.1259,0.3465,-0.0000,0.6721,0.5759,-0.3465,0.1768,-0.1768,0.0000,0
5.792,-0.1233,0.3439,-0.0000,0.6685,0.5733,-0.3439,0.1768,-0.1768,0.0000,0
5.812,-0.1233,0.3439,-0.0000,0.6685,0.5733,-0.3439,0.1768,-0.1768,0.0000,0
5.832,-0.1233,0.3439,-0.0000,0.6685,0.5733,-0.3439,0.1768,-0.1768,0.0000,0
5.852,-0.1233,0.3439,-0.0000,0.6685,0.5733,-0.3439,0.1768,-0.1768,0.0000,0
5.872,-0.1233,0.3439,-0.0000,0.6685,0.5733,-0.3439,0.1768,-0.1768,0.0000,0
5.893,-0.1233,0.3439,-0.0000,0.6685,0.5733,-0.3439,0.1768,-0.1768,0.0000,0
5.912,-0.1207,0.3413,-0.0000,0.6649,0.5707,-0.3413,0.1768,-0.1768,0.0000,0
5.932,-0.1180,0.3386,-0.0000,0.6613,0.5680,-0.3386,0.1768,-0.1768,0.0000,0
5.952,-0.1128,0.3334,-0.0000,0.6542,0.5628,-0.3334,0.1768,-0.1768,0.0000,0
5.973,-0.1128,0.3334,-0.0000,0.6542,0.5628,-0.3334,0.1768,-0.1768,0.0000,0
5.992,-0.1102,0.3308,-0.0000,0.6506,0.5602,-0.3308,0.1768,-0.1768,0.0000,0
6.012,-0.1102,0.3308,-0.0000,0.6506,0.5602,-0.3308,0.1768,-0.1768,0.0000,0
6.033,-0.1102,0.3308,-0.0000,0.6506,0.5602,-0.3308,0.1768,-0.1768,0.0000,0
6.052,-0.1076,0.3282,-0.0000,0.6470,0.5576,-0.3282,0.1768,-0.1768,0.0000,0
6.072,-0.1063,0.3269,-0.0000,0.6452,0.5563,-0.3269,0.1768,-0.1768,0.0000,0
6.092,-0.1063,0.3269,-0.0000,0.6452,0.5563,-0.3269,0.1768,-0.1768,0.0000,0
6.112,-0.1063,0.3269,-0.0000,0.6452,0.5563,-0.3269,0.1768,-0.1768,0.0000,0
6.132,-0.1050,0.3256,-0.0000,0.6434,0.5550,-0.3256,0.1768,-0.1768,0.0000,0
6.152,-0.1037,0.3243,-0.0000,0.6417,0.5537,-0.3243,0.1768,-0.1768,0.0000,0
6.172,-0.1037,0.3243,-0.0000,0.6417,0.5537,-0.3243,0.1768,-0.1768,0.0000,0
6.192,-0.1024,0.3230,-0.0000,0.6399,0.5524,-0.3230,0.1768,-0.1768,0.0000,0
6.212,-0.1011,0.3217,-0.0000,0.6381,0.5511,-0.3217,0.1768,-0.1768,0.0000,0
6.232,-0.1011,0.3217,-0.0000,0.6381,0.5511,-0.3217,0.1768,-0.1768,0.0000,0
6.252,-0.1011,0.3217,-0.0000,0.6381,0.5511,-0.3217,0.1768,-0.1768,0.0000,0
6.272,-0.0985,0.3191,-0.0000,0.6345,0.5485,-0.3191,0.1772,-0.1763,0.0000,0
6.292,-0.0985,0.3191,-0.0000,0.6345,0.5485,-0.3191,0.1768,-0.1768,0.0000,0
6.312,-0.0985,0.3191,-0.0000,0.6345,0.5485,-0.3191,0.1768,-0.1768,0.0000,0
6.332,-0.0959,0.3165,-0.0000,0.6310,0.5459,-0.3165,0.1780,-0.1756,0.0000,0
6.352,-0.0945,0.3151,-0.0000,0.6292,0.5445,-0.3151,0.1772,-0.1764,0.0000,0
6.372,-0.0945,0.3151,-0.0000,0.6292,0.5445,-0.3151,0.1768,-0.1768,0.0000,0
6.392,-0.0945,0.3151,-0.0000,0.6292,0.5445,-0.3151,0.1768,-0.1768,0.0000,0
6.412,-0.0919,0.3125,-0.0000,0.6256,0.5419,-0.3125,0.1791,-0.1744,0.0000,0
6.432,-0.0919,0.3125,-0.0000,0.6256,0.5419,-0.3125,0.1768,-0.1768,0.0000,0
6.454,-0.0919,0.3125,-0.0000,0.6256,0.5419,-0.3125,0.1768,-0.1768,0.0000,0
6.472,-0.0906,0.3113,-0.0000,0.6238,0.5406,-0.3113,0.1783,-0.1753,0.0000,0
6.492,-0.0906,0.3113,-0.0000,0.6238,0.5406,-0.3113,0.1771,-0.1764,0.0000,0
6.512,-0.0906,0.3113,-0.0000,0.6238,0.5406,-0.3113,0.1771,-0.1764,0.0000,0
6.532,-0.0906,0.3113,-0.0000,0.6238,0.5406,-0.3113,0.1771,-0.1764,0.0000,0
6.552,-0.0880,0.3087,-0.0000,0.6202,0.5380,-0.3087,0.1802,-0.1733,0.0000,0
6.572,-0.0880,0.3087,-0.0000,0.6202,0.5380,-0.3087,0.1779,-0.1757,0.0000,0
6.592,-0.0880,0.3087,-0.0000,0.6202,0.5380,-0.3087,0.1779,-0.1757,0.0000,0
6.612,-0.0867,0.3074,-0.0000,0.6185,0.5367,-0.3074,0.1794,-0.1741,0.0000,0
6.632,-0.0853,0.3061,-0.0000,0.6167,0.5353,-0.3061,0.1798,-0.1737,0.0000,0
6.652,-0.0853,0.3061,-0.0000,0.6167,0.5353,-0.3061,0.1786,-0.1749,0.0000,0
6.673,-0.0853,0.3061,-0.0000,0.6167,0.5353,-0.3061,0.1786,-0.1749,0.0000,0
6.692,-0.0827,0.3035,-0.0000,0.6131,0.5327,-0.3035,0.1817,-0.1717,0.0000,0
6.712,-0.0827,0.3035,-0.0000,0.6131,0.5327,-0.3035,0.1793,-0.1742,0.0000,0
6.732,-0.0827,0.3035,-0.0000,0.6131,0.5327,-0.3035,0.1793,-0.1742,0.0000,0
6.752,-0.0800,0.3009,-0.0000,0.6095,0.5300,-0.3009,0.1824,-0.1710,0.0000,0
6.772,-0.0787,0.2996,-0.0000,0.6077,0.5287,-0.2996,0.1816,-0.1718,0.0000,0
6.792,-0.0774,0.2984,-0.0000,0.6059,0.5274,-0.2984,0.1820,-0.1714,0.0000,0
6.813,-0.0774,0.2984,-0.0000,0.6059,0.5274,-0.2984,0.1808,-0.1726,0.0000,0
6.832,-0.0747,0.2958,-0.0000,0.6024,0.5247,-0.2958,0.1839,-0.1694,0.0000,0
6.852,-0.0747,0.2958,-0.0000,0.6024,0.5247,-0.2958,0.1815,-0.1719,0.0000,0
6.873,-0.0747,0.2958,-0.0000,0.6024,0.5247,-0.2958,0.1815,-0.1719,0.0000,0
6.892,-0.0720,0.2933,-0.0000,0.5988,0.5220,-0.2933,0.1846,-0.1686,0.0000,0
6.912,-0.0707,0.2920,-0.0000,0.5970,0.5207,-0.2920,0.1838,-0.1694,0.0000,0
6.932,-0.0707,0.2920,-0.0000,0.5970,0.5207,-0.2920,0.1827,-0.1707,0.0000,0
6.953,-0.0707,0.2920,-0.0000,0.5970,0.5207,-0.2920,0.1827,-0.1707,0.0000,0
6.972,-0.0679,0.2895,-0.0000,0.5934,0.5179,-0.2895,0.1857,-0.1674,0.0000,0
6.992,-0.0679,0.2895,-0.0000,0.5934,0.5179,-0.2895,0.1834,-0.1699,0.0000,0
7.012,-0.0679,0.2895,-0.0000,0.5934,0.5179,-0.2895,0.1834,-0.1699,0.0000,0
7.032,-0.0666,0.2883,-0.0000,0.5916,0.5166,-0.2883,0.1849,-0.1683,0.0000,0
7.052,-0.0652,0.2871,-0.0000,0.5898,0.5152,-0.2871,0.1853,-0.1679,0.0000,0
7.072,-0.0652,0.2871,-0.0000,0.5898,0.5152,-0.2871,0.1841,-0.1691,0.0000,0
7.092,-0.0652,0.2871,-0.0000,0.5898,0.5152,-0.2871,0.1841,-0.1691,0.0000,0
7.112,-0.0639,0.2858,-0.0000,0.5880,0.5139,-0.2858,0.1856,-0.1675,0.0000,0
7.132,-0.0639,0.2858,-0.0000,0.5880,0.5139,-0.2858,0.1845,-0.1687,0.0000,0
7.153,-0.0639,0.2858,-0.0000,0.5880,0.5139,-0.2858,0.1845,-0.1687,0.0000,0
7.172,-0.0625,0.2846,-0.0000,0.5862,0.5125,-0.2846,0.1860,-0.1670,0.0000,0
7.192,-0.0611,0.2833,-0.0000,0.5844,0.5111,-0.2833,0.1864,-0.1666,0.0000,0
7.212,-0.0611,0.2833,-0.0000,0.5844,0.5111,-0.2833,0.1852,-0.1679,0.0000,0
7.232,-0.0611,0.2833,-0.0000,0.5844,0.5111,-0.2833,0.1852,-0.1679,0.0000,0
7.252,-0.0584,0.2808,-0.0000,0.5808,0.5084,-0.2808,0.1882,-0.1645,0.0000,0
7.272,-0.0584,0.2808,-0.0000,0.5808,0.5084,-0.2808,0.1859,-0.1671,0.0000,0
7.292,-0.0584,0.2808,-0.0000,0.5808,0.5084,-0.2808,0.1859,-0.1671,0.0000,0
7.312,-0.0556,0.2784,-0.0000,0.5772,0.5056,-0.2784,0.1890,-0.1637,0.0000,0
7.332,-0.0529,0.2759,-0.0000,0.5736,0.5029,-0.2759,0.1897,-0.1629,0.0000,0
7.352,-0.0529,0.2759,-0.0000,0.5736,0.5029,-0.2759,0.1874,-0.1655,0.0000,0
7.372,-0.0529,0.2759,-0.0000,0.5736,0.5029,-0.2759,0.1874,-0.1655,0.0000,0
7.392,-0.0501,0.2735,-0.0000,0.5700,0.5001,-0.2735,0.1904,-0.1620,0.0000,0
7.412,-0.0501,0.2735,-0.0000,0.5700,0.5001,-0.2735,0.1881,-0.1647,0.0000,0
7.432,-0.0501,0.2735,-0.0000,0.5700,0.5001,-0.2735,0.1881,-0.1647,0.0000,0
7.452,-0.0487,0.2723,-0.0000,0.5682,0.4987,-0.2723,0.1896,-0.1630,0.0000,0
7.472,-0.0487,0.2723,-0.0000,0.5682,0.4987,-0.2723,0.1885,-0.1642,0.0000,0
7.492,-0.0487,0.2723,-0.0000,0.5682,0.4987,-0.2723,0.1885,-0.1642,0.0000,0
7.512,-0.0473,0.2711,-0.0000,0.5664,0.4973,-0.2711,0.1900,-0.1625,0.0000,0
7.532,-0.0459,0.2699,-0.0000,0.5646,0.4959,-0.2699,0.1903,-0.1621,0.0000,0
7.552,-0.0459,0.2699,-0.0000,0.5646,0.4959,-0.2699,0.1892,-0.1634,0.0000,0
7.572,-0.0459,0.2699,-0.0000,0.5646,0.4959,-0.2699,0.1892,-0.1634,0.0000,0
7.592,-0.0431,0.2675,-0.0000,0.5610,0.4931,-0.2675,0.1922,-0.1599,0.0000,0
7.612,-0.0431,0.2675,-0.0000,0.5610,0.4931,-0.2675,0.1899,-0.1626,0.0000,0
7.632,-0.0431,0.2675,-0.0000,0.5610,0.4931,-0.2675,0.1899,-0.1626,0.0000,0
7.653,-0.0417,0.2663,-0.0000,0.5592,0.4917,-0.2663,0.1914,-0.1608,0.0000,0
7.672,-0.0389,0.2639,-0.0000,0.5556,0.4889,-0.2639,0.1933,-0.1586,0.0000,0
7.692,-0.0389,0.2639,-0.0000,0.5556,0.4889,-0.2639,0.1910,-0.1613,0.0000,0
7.714,-0.0389,0.2639,-0.0000,0.5556,0.4889,-0.2639,0.1910,-0.1613,0.0000,0
7.732,-0.0360,0.2616,-0.0000,0.5519,0.4860,-0.2616,0.1939,-0.1577,0.0000,0
7.752,-0.0360,0.2616,-0.0000,0.5519,0.4860,-0.2616,0.1917,-0.1605,0.0000,0
7.772,-0.0360,0.2616,-0.0000,0.5519,0.4860,-0.2616,0.1917,-0.1605,0.0000,0
7.792,-0.0360,0.2616,-0.0000,0.5519,0.4860,-0.2616,0.1917,-0.1605,0.0000,0
7.813,-0.0346,0.2604,-0.0000,0.5501,0.4846,-0.2604,0.1932,-0.1587,0.0000,0
7.832,-0.0346,0.2604,-0.0000,0.5501,0.4846,-0.2604,0.1921,-0.1600,0.0000,0
7.852,-0.0346,0.2604,-0.0000,0.5501,0.4846,-0.2604,0.1921,-0.1600,0.0000,0
7.872,-0.0346,0.2604,-0.0000,0.5501,0.4846,-0.2604,0.1921,-0.1600,0.0000,0
7.892,-0.0346,0.2604,-0.0000,0.5501,0.4846,-0.2604,0.1921,-0.1600,0.0000,0
7.913,-0.0346,0.2604,-0.0000,0.5501,0.4846,-0.2604,0.1921,-0.1600,0.0000,0
7.934,-0.0346,0.2604,-0.0000,0.5501,0.4846,-0.2604,0.1921,-0.1600,0.0000,0
7.952,-0.0346,0.2604,-0.0000,0.5501,0.4846,-0.2604,0.1921,-0.1600,0.0000,0
7.972,-0.0346,0.2604,-0.0000,0.5501,0.4846,-0.2604,0.1921,-0.1600,0.0000,0
7.993,-0.0346,0.2604,-0.0000,0.5501,0.4846,-0.2604,0.1921,-0.1600,0.0000,0
8.012,-0.0346,0.2604,-0.0000,0.5501,0.4846,-0.2604,0.1921,-0.1600,0.0000,0
8.032,-0.0318,0.2580,-0.0000,0.5465,0.4818,-0.2580,0.1950,-0.1564,0.0000,0
8.053,-0.0289,0.2557,-0.0000,0.5429,0.4789,-0.2557,0.1957,-0.1556,0.0000,0
8.072,-0.0260,0.2534,-0.0000,0.5393,0.4760,-0.2534,0.1964,-0.1547,0.0000,0
8.092,-0.0217,0.2499,-0.0000,0.5338,0.4717,-0.2499,0.1985,-0.1520,0.0000,0
8.112,-0.0217,0.2499,-0.0000,0.5338,0.4717,-0.2499,0.1952,-0.1562,0.0000,0
8.132,-0.0217,0.2499,-0.0000,0.5338,0.4717,-0.2499,0.1952,-0.1562,0.0000,0
8.153,-0.0188,0.2477,-0.0000,0.5302,0.4688,-0.2477,0.1981,-0.1525,0.0000,0
8.173,-0.0188,0.2477,-0.0000,0.5302,0.4688,-0.2477,0.1959,-0.1553,0.0000,0
8.192,-0.0173,0.2465,-0.0000,0.5284,0.4673,-0.2465,0.1974,-0.1534,0.0000,0
8.212,-0.0159,0.2454,-0.0000,0.5265,0.4659,-0.2454,0.1977,-0.1530,0.0000,0
8.232,-0.0159,0.2454,-0.0000,0.5265,0.4659,-0.2454,0.1966,-0.1544,0.0000,0
8.252,-0.0144,0.2442,-0.0000,0.5247,0.4644,-0.2442,0.1981,-0.1526,0.0000,0
8.272,-0.0130,0.2431,-0.0000,0.5229,0.4630,-0.2431,0.1984,-0.1521,0.0000,0
8.292,-0.0130,0.2431,-0.0000,0.5229,0.4630,-0.2431,0.1973,-0.1535,0.0000,0
8.313,-0.0130,0.2431,-0.0000,0.5229,0.4630,-0.2431,0.1973,-0.1535,0.0000,0
8.333,-0.0115,0.2420,-0.0000,0.5211,0.4615,-0.2420,0.1987,-0.1517,0.0000,0
8.352,-0.0100,0.2408,-0.0000,0.5193,0.4600,-0.2408,0.1991,-0.1512,0.0000,0
8.372,-0.0100,0.2408,-0.0000,0.5193,0.4600,-0.2408,0.1980,-0.1526,0.0000,0
8.392,-0.0100,0.2408,-0.0000,0.5193,0.4600,-0.2408,0.1980,-0.1526,0.0000,0
8.412,-0.0100,0.2408,-0.0000,0.5193,0.4600,-0.2408,0.1980,-0.1526,0.0000,0
8.432,-0.0086,0.2397,-0.0000,0.5175,0.4586,-0.2397,0.1994,-0.1508,0.0000,0
8.453,-0.0071,0.2386,-0.0000,0.5156,0.4571,-0.2386,0.1998,-0.1503,0.0000,0
8.472,-0.0071,0.2386,-0.0000,0.5156,0.4571,-0.2386,0.1987,-0.1517,0.0000,0
8.492,-0.0042,0.2364,-0.0000,0.5120,0.4542,-0.2364,0.2015,-0.1479,0.0000,0
8.512,-0.0042,0.2364,-0.0000,0.5120,0.4542,-0.2364,0.1994,-0.1508,0.0000,0
8.532,-0.0012,0.2342,-0.0000,0.5083,0.4512,-0.2342,0.2022,-0.1470,0.0000,0
8.552,0.0003,0.2331,-0.0000,0.5065,0.4497,-0.2331,0.2015,-0.1480,0.0000,0
8.572,0.0018,0.2320,-0.0000,0.5047,0.4482,-0.2320,0.2018,-0.1476,0.0000,0
8.593,0.0018,0.2320,-0.0000,0.5047,0.4482,-0.2320,0.2007,-0.1490,0.0000,0
8.612,0.0032,0.2309,-0.0000,0.5029,0.4468,-0.2309,0.2021,-0.1471,0.0000,0
8.632,0.0047,0.2298,-0.0000,0.5011,0.4453,-0.2298,0.2025,-0.1466,0.0000,0
8.652,0.0047,0.2298,-0.0000,0.5011,0.4453,-0.2298,0.2014,-0.1481,0.0000,0
8.672,0.0062,0.2287,-0.0000,0.4992,0.4438,-0.2287,0.2028,-0.1462,0.0000,0
8.692,0.0077,0.2276,-0.0000,0.4974,0.4423,-0.2276,0.2031,-0.1457,0.0000,0
8.712,0.0077,0.2276,-0.0000,0.4974,0.4423,-0.2276,0.2021,-0.1472,0.0000,0
8.733,0.0077,0.2276,-0.0000,0.4974,0.4423,-0.2276,0.2021,-0.1472,0.0000,0
8.752,0.0092,0.2265,-0.0000,0.4956,0.4408,-0.2265,0.2035,-0.1453,0.0000,0
8.772,0.0107,0.2254,-0.0000,0.4938,0.4393,-0.2254,0.2038,-0.1448,0.0000,0
8.792,0.0107,0.2254,-0.0000,0.4938,0.4393,-0.2254,0.2028,-0.1463,0.0000,0
8.812,0.0107,0.2254,-0.0000,0.4938,0.4393,-0.2254,0.2028,-0.1463,0.0000,0
8.832,0.0122,0.2244,-0.0000,0.4919,0.4378,-0.2244,0.2041,-0.1443,0.0000,0
8.852,0.0122,0.2244,-0.0000,0.4919,0.4378,-0.2244,0.2031,-0.1458,0.0000,0
8.873,0.0122,0.2244,-0.0000,0.4919,0.4378,-0.2244,0.2031,-0.1458,0.0000,0
8.892,0.0137,0.2233,-0.0000,0.4901,0.4363,-0.2233,0.2045,-0.1439,0.0000,0
8.912,0.0167,0.2211,-0.0000,0.4865,0.4333,-0.2211,0.2061,-0.1415,0.0000,0
8.932,0.0167,0.2211,-0.0000,0.4865,0.4333,-0.2211,0.2041,-0.1444,0.0000,0
8.953,0.0167,0.2211,-0.0000,0.4865,0.4333,-0.2211,0.2041,-0.1444,0.0000,0
8.972,0.0197,0.2190,-0.0000,0.4828,0.4303,-0.2190,0.2068,-0.1405,0.0000,0
8.992,0.0197,0.2190,-0.0000,0.4828,0.4303,-0.2190,0.2047,-0.1435,0.0000,0
9.013,0.0197,0.2190,-0.0000,0.4828,0.4303,-0.2190,0.2047,-0.1435,0.0000,0
9.032,0.0197,0.2190,-0.0000,0.4828,0.4303,-0.2190,0.2047,-0.1435,0.0000,0
9.052,0.0228,0.2169,-0.0000,0.4791,0.4272,-0.2169,0.2074,-0.1395,0.0000,0
9.072,0.0243,0.2158,-0.0000,0.4773,0.4257,-0.2158,0.2067,-0.1406,0.0000,0
9.093,0.0243,0.2158,-0.0000,0.4773,0.4257,-0.2158,0.2057,-0.1421,0.0000,0
9.113,0.0273,0.2138,-0.0000,0.4737,0.4227,-0.2138,0.2083,-0.1382,0.0000,0
9.132,0.0273,0.2138,-0.0000,0.4737,0.4227,-0.2138,0.2063,-0.1411,0.0000,0
9.152,0.0273,0.2138,-0.0000,0.4737,0.4227,-0.2138,0.2063,-0.1411,0.0000,0
9.172,0.0273,0.2138,-0.0000,0.4737,0.4227,-0.2138,0.2063,-0.1411,0.0000,0
9.192,0.0273,0.2138,-0.0000,0.4737,0.4227,-0.2138,0.2063,-0.1411,0.0000,0
9.212,0.0273,0.2138,-0.0000,0.4737,0.4227,-0.2138,0.2063,-0.1411,0.0000,0
9.233,0.0319,0.2106,-0.0000,0.4682,0.4181,-0.2106,0.2103,-0.1352,0.0000,0
9.252,0.0349,0.2086,-0.0000,0.4645,0.4151,-0.2086,0.2099,-0.1357,0.0000,0
9.273,0.0380,0.2066,-0.0000,0.4608,0.4120,-0.2066,0.2105,-0.1349,0.0000,0
9.292,0.0380,0.2066,-0.0000,0.4608,0.4120,-0.2066,0.2086,-0.1379,0.0000,0
9.313,0.0396,0.2056,-0.0000,0.4590,0.4104,-0.2056,0.2098,-0.1359,0.0000,0
9.333,0.0411,0.2045,-0.0000,0.4572,0.4089,-0.2045,0.2102,-0.1354,0.0000,0
9.352,0.0411,0.2045,-0.0000,0.4572,0.4089,-0.2045,0.2092,-0.1369,0.0000,0
9.372,0.0411,0.2045,-0.0000,0.4572,0.4089,-0.2045,0.2092,-0.1369,0.0000,0
9.392,0.0427,0.2035,-0.0000,0.4553,0.4073,-0.2035,0.2104,-0.1350,0.0000,0
9.412,0.0427,0.2035,-0.0000,0.4553,0.4073,-0.2035,0.2095,-0.1364,0.0000,0
9.432,0.0427,0.2035,-0.0000,0.4553,0.4073,-0.2035,0.2095,-0.1364,0.0000,0
9.454,0.0427,0.2035,-0.0000,0.4553,0.4073,-0.2035,0.2095,-0.1364,0.0000,0
9.473,0.0458,0.2015,-0.0000,0.4517,0.4042,-0.2015,0.2120,-0.1324,0.0000,0
9.492,0.0458,0.2015,-0.0000,0.4517,0.4042,-0.2015,0.2101,-0.1355,0.0000,0
9.512,0.0458,0.2015,-0.0000,0.4517,0.4042,-0.2015,0.2101,-0.1355,0.0000,0
9.533,0.0458,0.2015,-0.0000,0.4517,0.4042,-0.2015,0.2101,-0.1355,0.0000,0
9.552,0.0489,0.1995,-0.0000,0.4480,0.4011,-0.1995,0.2126,-0.1315,0.0000,0
9.572,0.0489,0.1995,-0.0000,0.4480,0.4011,-0.1995,0.2107,-0.1345,0.0000,0
9.592,0.0489,0.1995,-0.0000,0.4480,0.4011,-0.1995,0.2107,-0.1345,0.0000,0
9.612,0.0520,0.1976,-0.0000,0.4443,0.3980,-0.1976,0.2132,-0.1306,0.0000,0
9.632,0.0536,0.1966,-0.0000,0.4425,0.3964,-0.1966,0.2126,-0.1316,0.0000,0
9.652,0.0536,0.1966,-0.0000,0.4425,0.3964,-0.1966,0.2116,-0.1331,0.0000,0
9.673,0.0536,0.1966,-0.0000,0.4425,0.3964,-0.1966,0.2116,-0.1331,0.0000,0
9.692,0.0536,0.1966,-0.0000,0.4425,0.3964,-0.1966,0.2116,-0.1331,0.0000,0
9.712,0.0552,0.1956,-0.0000,0.4406,0.3948,-0.1956,0.2128,-0.1312,0.0000,0
9.732,0.0552,0.1956,-0.0000,0.4406,0.3948,-0.1956,0.2119,-0.1326,0.0000,0
9.752,0.0552,0.1956,-0.0000,0.4406,0.3948,-0.1956,0.2119,-0.1326,0.0000,0
9.772,0.0552,0.1956,-0.0000,0.4406,0.3948,-0.1956,0.2119,-0.1326,0.0000,0
9.792,0.0567,0.1946,-0.0000,0.4388,0.3933,-0.1946,0.2131,-0.1307,0.0000,0
9.812,0.0599,0.1927,-0.0000,0.4351,0.3901,-0.1927,0.2146,-0.1282,0.0000,0
9.832,0.0599,0.1927,-0.0000,0.4351,0.3901,-0.1927,0.2128,-0.1312,0.0000,0
9.852,0.0630,0.1907,-0.0000,0.4315,0.3870,-0.1907,0.2152,-0.1272,0.0000,0
9.872,0.0630,0.1907,-0.0000,0.4315,0.3870,-0.1907,0.2134,-0.1303,0.0000,0
9.892,0.0630,0.1907,-0.0000,0.4315,0.3870,-0.1907,0.2134,-0.1303,0.0000,0
9.912,0.0630,0.1907,-0.0000,0.4315,0.3870,-0.1907,0.2134,-0.1303,0.0000,0
9.933,0.0630,0.1907,-0.0000,0.4315,0.3870,-0.1907,0.2134,-0.1303,0.0000,0
9.952,0.0693,0.1869,-0.0000,0.4241,0.3807,-0.1869,0.2181,-0.1222,0.0000,0
9.973,0.0693,0.1869,-0.0000,0.4241,0.3807,-0.1869,0.2145,-0.1283,0.0000,0
9.992,0.0725,0.1851,-0.0000,0.4204,0.3775,-0.1851,0.2169,-0.1244,0.0000,0
10.012,0.0725,0.1851,-0.0000,0.4204,0.3775,-0.1851,0.2151,-0.1274,0.0000,0
10.032,0.0725,0.1851,-0.0000,0.4204,0.3775,-0.1851,0.2151,-0.1274,0.0000,0
10.054,0.0725,0.1851,-0.0000,0.4204,0.3775,-0.1851,0.2151,-0.1274,0.0000,0
10.072,0.0757,0.1832,-0.0000,0.4167,0.3743,-0.1832,0.2174,-0.1234,0.0000,0
10.093,0.0757,0.1832,-0.0000,0.4167,0.3743,-0.1832,0.2157,-0.1264,0.0000,0
10.112,0.0757,0.1832,-0.0000,0.4167,0.3743,-0.1832,0.2157,-0.1264,0.0000,0
10.134,0.0757,0.1832,-0.0000,0.4167,0.3743,-0.1832,0.2157,-0.1264,0.0000,0
10.152,0.0789,0.1813,-0.0000,0.4131,0.3711,-0.1813,0.2180,-0.1225,0.0000,0
10.172,0.0789,0.1813,-0.0000,0.4131,0.3711,-0.1813,0.2162,-0.1255,0.0000,0
10.192,0.0789,0.1813,-0.0000,0.4131,0.3711,-0.1813,0.2162,-0.1255,0.0000,0
10.214,0.0789,0.1813,-0.0000,0.4131,0.3711,-0.1813,0.2162,-0.1255,0.0000,0
10.232,0.0789,0.1813,-0.0000,0.4131,0.3711,-0.1813,0.2162,-0.1255,0.0000,0
10.253,0.0821,0.1795,-0.0000,0.4094,0.3679,-0.1795,0.2185,-0.1215,0.0000,0
10.272,0.0853,0.1777,-0.0000,0.4057,0.3647,-0.1777,0.2190,-0.1205,0.0000,0
10.294,0.0853,0.1777,-0.0000,0.4057,0.3647,-0.1777,0.2173,-0.1236,0.0000,0
10.313,0.0869,0.1768,-0.0000,0.4038,0.3631,-0.1768,0.2184,-0.1216,0.0000,0
10.333,0.0869,0.1768,-0.0000,0.4038,0.3631,-0.1768,0.2176,-0.1231,0.0000,0
10.352,0.0869,0.1768,-0.0000,0.4038,0.3631,-0.1768,0.2176,-0.1231,0.0000,0
10.372,0.0869,0.1768,-0.0000,0.4038,0.3631,-0.1768,0.2176,-0.1231,0.0000,0
10.392,0.0901,0.1750,-0.0000,0.4002,0.3599,-0.1750,0.2198,-0.1191,0.0000,0
10.412,0.0901,0.1750,-0.0000,0.4002,0.3599,-0.1750,0.2181,-0.1221,0.0000,0
10.432,0.0901,0.1750,-0.0000,0.4002,0.3599,-0.1750,0.2181,-0.1221,0.0000,0
10.453,0.0901,0.1750,-0.0000,0.4002,0.3599,-0.1750,0.2181,-0.1221,0.0000,0
10.472,0.0966,0.1714,-0.0000,0.3928,0.3534,-0.1714,0.2225,-0.1141,0.0000,0
10.492,0.0966,0.1714,-0.0000,0.3928,0.3534,-0.1714,0.2192,-0.1202,0.0000,0
10.512,0.0966,0.1714,-0.0000,0.3928,0.3534,-0.1714,0.2192,-0.1202,0.0000,0
10.532,0.0966,0.1714,-0.0000,0.3928,0.3534,-0.1714,0.2192,-0.1202,0.0000,0
10.552,0.1015,0.1688,-0.0000,0.3872,0.3485,-0.1688,0.2223,-0.1144,0.0000,0
10.572,0.1015,0.1688,-0.0000,0.3872,0.3485,-0.1688,0.2200,-0.1188,0.0000,0
10.592,0.1015,0.1688,-0.0000,0.3872,0.3485,-0.1688,0.2200,-0.1188,0.0000,0
10.613,0.1031,0.1680,-0.0000,0.3854,0.3469,-0.1680,0.2210,-0.1169,0.0000,0
10.633,0.1031,0.1680,-0.0000,0.3854,0.3469,-0.1680,0.2202,-0.1184,0.0000,0
10.653,0.1031,0.1680,-0.0000,0.3854,0.3469,-0.1680,0.2202,-0.1184,0.0000,0
10.673,0.1031,0.1680,-0.0000,0.3854,0.3469,-0.1680,0.2202,-0.1184,0.0000,0
10.692,0.1048,0.1671,-0.0000,0.3836,0.3452,-0.1671,0.2213,-0.1164,0.0000,0
10.712,0.1080,0.1654,-0.0000,0.3799,0.3420,-0.1654,0.2226,-0.1139,0.0000,0
10.733,0.1080,0.1654,-0.0000,0.3799,0.3420,-0.1654,0.2210,-0.1169,0.0000,0
10.753,0.1080,0.1654,-0.0000,0.3799,0.3420,-0.1654,0.2210,-0.1169,0.0000,0
10.772,0.1080,0.1654,-0.0000,0.3799,0.3420,-0.1654,0.2210,-0.1169,0.0000,0
10.792,0.1096,0.1645,-0.0000,0.3780,0.3404,-0.1645,0.2220,-0.1149,0.0000,0
10.813,0.1129,0.1628,-0.0000,0.3743,0.3371,-0.1628,0.2233,-0.1125,0.0000,0
10.833,0.1129,0.1628,-0.0000,0.3743,0.3371,-0.1628,0.2217,-0.1155,0.0000,0
10.853,0.1129,0.1628,-0.0000,0.3743,0.3371,-0.1628,0.2217,-0.1155,0.0000,0
10.873,0.1129,0.1628,-0.0000,0.3743,0.3371,-0.1628,0.2217,-0.1155,0.0000,0
10.893,0.1178,0.1602,-0.0000,0.3688,0.3322,-0.1602,0.2247,-0.1095,0.0000,0
10.913,0.1178,0.1602,-0.0000,0.3688,0.3322,-0.1602,0.2225,-0.1141,0.0000,0
10.934,0.1195,0.1594,-0.0000,0.3669,0.3305,-0.1594,0.2234,-0.1122,0.0000,0
10.952,0.1195,0.1594,-0.0000,0.3669,0.3305,-0.1594,0.2227,-0.1136,0.0000,0
10.972,0.1195,0.1594,-0.0000,0.3669,0.3305,-0.1594,0.2227,-0.1136,0.0000,0
10.993,0.1195,0.1594,-0.0000,0.3669,0.3305,-0.1594,0.2227,-0.1136,0.0000,0
11.013,0.1195,0.1594,-0.0000,0.3669,0.3305,-0.1594,0.2227,-0.1136,0.0000,0
11.032,0.1195,0.1594,-0.0000,0.3669,0.3305,-0.1594,0.2227,-0.1136,0.0000,0
11.052,0.1195,0.1594,-0.0000,0.3669,0.3305,-0.1594,0.2227,-0.1136,0.0000,0
11.073,0.1195,0.1594,-0.0000,0.3669,0.3305,-0.1594,0.2227,-0.1136,0.0000,0
11.092,0.1195,0.1594,-0.0000,0.3669,0.3305,-0.1594,0.2227,-0.1136,0.0000,0
11.112,0.1195,0.1594,-0.0000,0.3669,0.3305,-0.1594,0.2227,-0.1136,0.0000,0
11.133,0.1195,0.1594,-0.0000,0.3669,0.3305,-0.1594,0.2227,-0.1136,0.0000,0
11.153,0.1195,0.1594,-0.0000,0.3669,0.3305,-0.1594,0.2227,-0.1136,0.0000,0
11.172,0.1211,0.1586,-0.0000,0.3651,0.3289,-0.1586,0.2237,-0.1116,0.0000,0
11.193,0.1228,0.1577,-0.0000,0.3633,0.3272,-0.1577,0.2239,-0.1111,0.0000,0
11.213,0.1277,0.1553,-0.0000,0.3577,0.3223,-0.1553,0.2253,-0.1084,0.0000,0
11.233,0.1310,0.1536,-0.0000,0.3540,0.3190,-0.1536,0.2253,-0.1084,0.0000,0
11.253,0.1310,0.1536,-0.0000,0.3540,0.3190,-0.1536,0.2244,-0.1103,0.0000,0
11.273,0.1310,0.1536,-0.0000,0.3540,0.3190,-0.1536,0.2244,-0.1103,0.0000,0
11.292,0.1310,0.1536,-0.0000,0.3540,0.3190,-0.1536,0.2244,-0.1103,0.0000,0
11.313,0.1310,0.1536,-0.0000,0.3540,0.3190,-0.1536,0.2244,-0.1103,0.0000,0
11.333,0.1310,0.1536,-0.0000,0.3540,0.3190,-0.1536,0.2244,-0.1103,0.0000,0
11.352,0.1310,0.1536,-0.0000,0.3540,0.3190,-0.1536,0.2244,-0.1103,0.0000,0
11.372,0.1310,0.1536,-0.0000,0.3540,0.3190,-0.1536,0.2244,-0.1103,0.0000,0
11.392,0.1310,0.1536,-0.0000,0.3540,0.3190,-0.1536,0.2244,-0.1103,0.0000,0
11.412,0.1360,0.1512,-0.0000,0.3485,0.3140,-0.1512,0.2253,-0.1085,0.0000,0
11.433,0.1394,0.1496,-0.0000,0.3448,0.3106,-0.1496,0.2253,-0.1084,0.0000,0
11.452,0.1460,0.1464,-0.0000,0.3374,0.3040,-0.1464,0.2252,-0.1085,0.0000,0
11.472,0.1493,0.1448,-0.0000,0.3337,0.3007,-0.1448,0.2252,-0.1085,0.0000,0
11.492,0.1493,0.1448,-0.0000,0.3337,0.3007,-0.1448,0.2252,-0.1085,0.0000,0
11.512,0.1493,0.1448,-0.0000,0.3337,0.3007,-0.1448,0.2252,-0.1085,0.0000,0
11.535,0.1527,0.1432,-0.0000,0.3300,0.2973,-0.1432,0.2252,-0.1085,0.0000,0
11.552,0.1527,0.1432,-0.0000,0.3300,0.2973,-0.1432,0.2252,-0.1085,0.0000,0
11.572,0.1543,0.1424,-0.0000,0.3282,0.2957,-0.1424,0.2252,-0.1085,0.0000,0
11.592,0.1543,0.1424,-0.0000,0.3282,0.2957,-0.1424,0.2252,-0.1085,0.0000,0
11.613,0.1543,0.1424,-0.0000,0.3282,0.2957,-0.1424,0.2252,-0.1085,0.0000,0
11.632,0.1543,0.1424,-0.0000,0.3282,0.2957,-0.1424,0.2252,-0.1085,0.0000,0
11.652,0.1543,0.1424,-0.0000,0.3282,0.2957,-0.1424,0.2252,-0.1085,0.0000,0
11.672,0.1543,0.1424,-0.0000,0.3282,0.2957,-0.1424,0.2252,-0.1085,0.0000,0
11.693,0.1543,0.1424,-0.0000,0.3282,0.2957,-0.1424,0.2252,-0.1085,0.0000,0
11.713,0.1543,0.1424,-0.0000,0.3282,0.2957,-0.1424,0.2252,-0.1085,0.0000,0
11.732,0.1543,0.1424,-0.0000,0.3282,0.2957,-0.1424,0.2252,-0.1085,0.0000,0
11.752,0.1543,0.1424,-0.0000,0.3282,0.2957,-0.1424,0.2252,-0.1085,0.0000,0
11.773,0.1543,0.1424,-0.0000,0.3282,0.2957,-0.1424,0.2252,-0.1085,0.0000,0
11.792,0.1543,0.1424,-0.0000,0.3282,0.2957,-0.1424,0.2252,-0.1085,0.0000,0
11.812,0.1560,0.1416,-0.0000,0.3263,0.2940,-0.1416,0.2252,-0.1085,0.0000,0
11.833,0.1576,0.1408,-0.0000,0.3245,0.2924,-0.1408,0.2252,-0.1085,0.0000,0
11.852,0.1593,0.1400,-0.0000,0.3226,0.2907,-0.1400,0.2252,-0.1085,0.0000,0
11.873,0.1593,0.1400,-0.0000,0.3226,0.2907,-0.1400,0.2252,-0.1085,0.0000,0
11.893,0.1610,0.1392,-0.0000,0.3208,0.2890,-0.1392,0.2252,-0.1085,0.0000,0
11.912,0.1626,0.1384,-0.0000,0.3190,0.2874,-0.1384,0.2252,-0.1085,0.0000,0
11.932,0.1660,0.1368,-0.0000,0.3153,0.2840,-0.1368,0.2189,-0.1054,0.0000,0
11.953,0.1692,0.1352,-0.0000,0.3116,0.2808,-0.1352,0.2164,-0.1042,0.0000,0
11.973,0.1692,0.1352,-0.0000,0.3116,0.2808,-0.1352,0.2246,-0.1082,0.0000,0
11.992,0.1708,0.1344,-0.0000,0.3098,0.2792,-0.1344,0.2193,-0.1056,0.0000,0
12.012,0.1725,0.1336,-0.0000,0.3080,0.2775,-0.1336,0.2179,-0.1049,0.0000,0
12.033,0.1725,0.1336,-0.0000,0.3080,0.2775,-0.1336,0.2220,-0.1069,0.0000,0
12.052,0.1741,0.1329,-0.0000,0.3062,0.2759,-0.1329,0.2167,-0.1043,0.0000,0
12.072,0.1758,0.1321,-0.0000,0.3044,0.2742,-0.1321,0.2153,-0.1037,0.0000,0
12.092,0.1758,0.1321,-0.0000,0.3044,0.2742,-0.1321,0.2194,-0.1057,0.0000,0
12.112,0.1758,0.1321,-0.0000,0.3044,0.2742,-0.1321,0.2194,-0.1057,0.0000,0
12.133,0.1774,0.1313,-0.0000,0.3026,0.2726,-0.1313,0.2141,-0.1031,0.0000,0
12.152,0.1774,0.1313,-0.0000,0.3026,0.2726,-0.1313,0.2181,-0.1050,0.0000,0
12.173,0.1774,0.1313,-0.0000,0.3026,0.2726,-0.1313,0.2181,-0.1050,0.0000,0
12.193,0.1774,0.1313,-0.0000,0.3026,0.2726,-0.1313,0.2181,-0.1050,0.0000,0
12.214,0.1774,0.1313,-0.0000,0.3026,0.2726,-0.1313,0.2181,-0.1050,0.0000,0
12.233,0.1774,0.1313,-0.0000,0.3026,0.2726,-0.1313,0.2181,-0.1050,0.0000,0
12.253,0.1790,0.1305,-0.0000,0.3008,0.2710,-0.1305,0.2128,-0.1025,0.0000,0
12.272,0.1790,0.1305,-0.0000,0.3008,0.2710,-0.1305,0.2168,-0.1044,0.0000,0
12.293,0.1790,0.1305,-0.0000,0.3008,0.2710,-0.1305,0.2168,-0.1044,0.0000,0
12.313,0.1790,0.1305,-0.0000,0.3008,0.2710,-0.1305,0.2168,-0.1044,0.0000,0
12.333,0.1806,0.1297,-0.0000,0.2990,0.2694,-0.1297,0.2115,-0.1019,0.0000,0
12.352,0.1822,0.1290,-0.0000,0.2972,0.2678,-0.1290,0.2102,-0.1013,0.0000,0
12.373,0.1822,0.1290,-0.0000,0.2972,0.2678,-0.1290,0.2142,-0.1032,0.0000,0
12.393,0.1822,0.1290,-0.0000,0.2972,0.2678,-0.1290,0.2142,-0.1032,0.0000,0
12.412,0.1838,0.1282,-0.0000,0.2955,0.2662,-0.1282,0.2091,-0.1007,0.0000,0
12.433,0.1853,0.1275,-0.0000,0.2938,0.2647,-0.1275,0.2078,-0.1001,0.0000,0
12.453,0.1853,0.1275,-0.0000,0.2938,0.2647,-0.1275,0.2117,-0.1020,0.0000,0
12.474,0.1853,0.1275,-0.0000,0.2938,0.2647,-0.1275,0.2117,-0.1020,0.0000,0
12.493,0.1853,0.1275,-0.0000,0.2938,0.2647,-0.1275,0.2117,-0.1020,0.0000,0
12.512,0.1869,0.1267,-0.0000,0.2920,0.2631,-0.1267,0.2066,-0.0995,0.0000,0
12.533,0.1869,0.1267,-0.0000,0.2920,0.2631,-0.1267,0.2105,-0.1014,0.0000,0
12.553,0.1869,0.1267,-0.0000,0.2920,0.2631,-0.1267,0.2105,-0.1014,0.0000,0
12.573,0.1869,0.1267,-0.0000,0.2920,0.2631,-0.1267,0.2105,-0.1014,0.0000,0
12.593,0.1884,0.1260,-0.0000,0.2903,0.2616,-0.1260,0.2053,-0.0989,0.0000,0
12.613,0.1884,0.1260,-0.0000,0.2903,0.2616,-0.1260,0.2092,-0.1008,0.0000,0
12.633,0.1884,0.1260,-0.0000,0.2903,0.2616,-0.1260,0.2092,-0.1008,0.0000,0
12.654,0.1884,0.1260,-0.0000,0.2903,0.2616,-0.1260,0.2092,-0.1008,0.0000,0
12.673,0.1884,0.1260,-0.0000,0.2903,0.2616,-0.1260,0.2092,-0.1008,0.0000,0
12.692,0.1884,0.1260,-0.0000,0.2903,0.2616,-0.1260,0.2092,-0.1008,0.0000,0
12.713,0.1884,0.1260,-0.0000,0.2903,0.2616,-0.1260,0.2092,-0.1008,0.0000,0
12.732,0.1884,0.1260,-0.0000,0.2903,0.2616,-0.1260,0.2092,-0.1008,0.0000,0
12.753,0.1884,0.1260,-0.0000,0.2903,0.2616,-0.1260,0.2092,-0.1008,0.0000,0
12.772,0.1884,0.1260,-0.0000,0.2903,0.2616,-0.1260,0.2092,-0.1008,0.0000,0
12.792,0.1884,0.1260,-0.0000,0.2903,0.2616,-0.1260,0.2092,-0.1008,0.0000,0
12.813,0.1884,0.1260,-0.0000,0.2903,0.2616,-0.1260,0.2092,-0.1008,0.0000,0
12.832,0.1884,0.1260,-0.0000,0.2903,0.2616,-0.1260,0.2092,-0.1008,0.0000,0
12.852,0.1884,0.1260,-0.0000,0.2903,0.2616,-0.1260,0.2092,-0.1008,0.0000,0
12.872,0.1900,0.1252,-0.0000,0.2886,0.2600,-0.1252,0.2041,-0.0983,0.0000,0
12.892,0.1915,0.1245,-0.0000,0.2869,0.2585,-0.1245,0.2029,-0.0977,0.0000,0
12.913,0.1946,0.1230,-0.0000,0.2835,0.2554,-0.1230,0.1968,-0.0948,0.0000,0
12.933,0.1975,0.1216,-0.0000,0.2803,0.2525,-0.1216,0.1946,-0.0937,0.0000,0
12.952,0.2004,0.1202,-0.0000,0.2770,0.2496,-0.1202,0.1924,-0.0927,0.0000,0
12.972,0.2018,0.1195,-0.0000,0.2754,0.2482,-0.1195,0.1949,-0.0939,0.0000,0
12.993,0.2018,0.1195,-0.0000,0.2754,0.2482,-0.1195,0.1985,-0.0956,0.0000,0
13.013,0.2018,0.1195,-0.0000,0.2754,0.2482,-0.1195,0.1985,-0.0956,0.0000,0
13.032,0.2033,0.1188,-0.0000,0.2739,0.2467,-0.1188,0.1938,-0.0934,0.0000,0
13.052,0.2047,0.1181,-0.0000,0.2722,0.2453,-0.1181,0.1926,-0.0927,0.0000,0
13.073,0.2047,0.1181,-0.0000,0.2722,0.2453,-0.1181,0.1962,-0.0945,0.0000,0
13.092,0.2062,0.1174,-0.0000,0.2706,0.2438,-0.1174,0.1915,-0.0922,0.0000,0
13.112,0.2076,0.1167,-0.0000,0.2690,0.2424,-0.1167,0.1903,-0.0916,0.0000,0
13.132,0.2076,0.1167,-0.0000,0.2690,0.2424,-0.1167,0.1939,-0.0934,0.0000,0
13.152,0.2076,0.1167,-0.0000,0.2690,0.2424,-0.1167,0.1939,-0.0934,0.0000,0
13.172,0.2090,0.1161,-0.0000,0.2675,0.2410,-0.1161,0.1892,-0.0911,0.0000,0
13.193,0.2090,0.1161,-0.0000,0.2675,0.2410,-0.1161,0.1928,-0.0928,0.0000,0
13.212,0.2090,0.1161,-0.0000,0.2675,0.2410,-0.1161,0.1928,-0.0928,0.0000,0
13.234,0.2090,0.1161,-0.0000,0.2675,0.2410,-0.1161,0.1928,-0.0928,0.0000,0
13.252,0.2090,0.1161,-0.0000,0.2675,0.2410,-0.1161,0.1928,-0.0928,0.0000,0
13.272,0.2119,0.1147,-0.0000,0.2643,0.2381,-0.1147,0.1834,-0.0883,0.0000,0
13.292,0.2119,0.1147,-0.0000,0.2643,0.2381,-0.1147,0.1905,-0.0917,0.0000,0
13.313,0.2119,0.1147,-0.0000,0.2643,0.2381,-0.1147,0.1905,-0.0917,0.0000,0
13.332,0.2161,0.1126,-0.0000,0.2596,0.2339,-0.1126,0.1765,-0.0850,0.0000,0
13.352,0.2188,0.1113,-0.0000,0.2566,0.2312,-0.1113,0.1781,-0.0858,0.0000,0
13.372,0.2188,0.1113,-0.0000,0.2566,0.2312,-0.1113,0.1849,-0.0891,0.0000,0
13.392,0.2188,0.1113,-0.0000,0.2566,0.2312,-0.1113,0.1849,-0.0891,0.0000,0
13.413,0.2215,0.1100,-0.0000,0.2536,0.2285,-0.1100,0.1761,-0.0848,0.0000,0
13.432,0.2228,0.1094,-0.0000,0.2522,0.2272,-0.1094,0.1785,-0.0860,0.0000,0
13.452,0.2228,0.1094,-0.0000,0.2522,0.2272,-0.1094,0.1817,-0.0875,0.0000,0
13.473,0.2228,0.1094,-0.0000,0.2522,0.2272,-0.1094,0.1817,-0.0875,0.0000,0
13.493,0.2241,0.1088,-0.0000,0.2507,0.2259,-0.1088,0.1775,-0.0855,0.0000,0
13.512,0.2241,0.1088,-0.0000,0.2507,0.2259,-0.1088,0.1807,-0.0870,0.0000,0
13.533,0.2241,0.1088,-0.0000,0.2507,0.2259,-0.1088,0.1807,-0.0870,0.0000,0
13.552,0.2255,0.1081,-0.0000,0.2492,0.2245,-0.1081,0.1763,-0.0849,0.0000,0
13.572,0.2281,0.1069,-0.0000,0.2463,0.2219,-0.1069,0.1709,-0.0823,0.0000,0
13.592,0.2281,0.1069,-0.0000,0.2463,0.2219,-0.1069,0.1775,-0.0855,0.0000,0
13.613,0.2281,0.1069,-0.0000,0.2463,0.2219,-0.1069,0.1775,-0.0855,0.0000,0
13.633,0.2281,0.1069,-0.0000,0.2463,0.2219,-0.1069,0.1775,-0.0855,0.0000,0
13.652,0.2294,0.1063,-0.0000,0.2449,0.2206,-0.1063,0.1734,-0.0835,0.0000,0
13.672,0.2294,0.1063,-0.0000,0.2449,0.2206,-0.1063,0.1765,-0.0850,0.0000,0
13.693,0.2294,0.1063,-0.0000,0.2449,0.2206,-0.1063,0.1765,-0.0850,0.0000,0
13.713,0.2307,0.1056,-0.0000,0.2434,0.2193,-0.1056,0.1722,-0.0829,0.0000,0
13.737,0.2307,0.1056,-0.0000,0.2434,0.2193,-0.1056,0.1755,-0.0845,0.0000,0
13.752,0.2307,0.1056,-0.0000,0.2434,0.2193,-0.1056,0.1755,-0.0845,0.0000,0
13.773,0.2307,0.1056,-0.0000,0.2434,0.2193,-0.1056,0.1755,-0.0845,0.0000,0
13.792,0.2320,0.1050,-0.0000,0.2420,0.2180,-0.1050,0.1712,-0.0824,0.0000,0
13.812,0.2320,0.1050,-0.0000,0.2420,0.2180,-0.1050,0.1744,-0.0840,0.0000,0
13.832,0.2320,0.1050,-0.0000,0.2420,0.2180,-0.1050,0.1744,-0.0840,0.0000,0
13.852,0.2320,0.1050,-0.0000,0.2420,0.2180,-0.1050,0.1744,-0.0840,0.0000,0
13.872,0.2359,0.1031,-0.0000,0.2377,0.2141,-0.1031,0.1616,-0.0778,0.0000,0
13.893,0.2359,0.1031,-0.0000,0.2377,0.2141,-0.1031,0.1713,-0.0825,0.0000,0
13.912,0.2359,0.1031,-0.0000,0.2377,0.2141,-0.1031,0.1713,-0.0825,0.0000,0
13.932,0.2396,0.1013,-0.0000,0.2335,0.2104,-0.1013,0.1589,-0.0765,0.0000,0
13.952,0.2421,0.1001,-0.0000,0.2308,0.2079,-0.1001,0.1602,-0.0771,0.0000,0
13.972,0.2421,0.1001,-0.0000,0.2308,0.2079,-0.1001,0.1663,-0.0801,0.0000,0
13.994,0.2421,0.1001,-0.0000,0.2308,0.2079,-0.1001,0.1663,-0.0801,0.0000,0
14.013,0.2433,0.0996,-0.0000,0.2295,0.2067,-0.0996,0.1625,-0.0782,0.0000,0
14.032,0.2457,0.0984,-0.0000,0.2268,0.2043,-0.0984,0.1575,-0.0758,0.0000,0
14.052,0.2457,0.0984,-0.0000,0.2268,0.2043,-0.0984,0.1635,-0.0787,0.0000,0
14.072,0.2457,0.0984,-0.0000,0.2268,0.2043,-0.0984,0.1635,-0.0787,0.0000,0
14.092,0.2469,0.0978,-0.0000,0.2255,0.2031,-0.0978,0.1595,-0.0768,0.0000,0
14.112,0.2469,0.0978,-0.0000,0.2255,0.2031,-0.0978,0.1625,-0.0783,0.0000,0
14.132,0.2469,0.0978,-0.0000,0.2255,0.2031,-0.0978,0.1625,-0.0783,0.0000,0
14.152,0.2469,0.0978,-0.0000,0.2255,0.2031,-0.0978,0.1625,-0.0783,0.0000,0
14.172,0.2505,0.0961,-0.0000,0.2215,0.1995,-0.0961,0.1506,-0.0725,0.0000,0
14.192,0.2505,0.0961,-0.0000,0.2215,0.1995,-0.0961,0.1596,-0.0769,0.0000,0
14.213,0.2505,0.0961,-0.0000,0.2215,0.1995,-0.0961,0.1596,-0.0769,0.0000,0
14.232,0.2540,0.0944,-0.0000,0.2176,0.1960,-0.0944,0.1481,-0.0713,0.0000,0
14.252,0.2540,0.0944,-0.0000,0.2176,0.1960,-0.0944,0.1568,-0.0755,0.0000,0
14.272,0.2540,0.0944,-0.0000,0.2176,0.1960,-0.0944,0.1568,-0.0755,0.0000,0
14.292,0.2540,0.0944,-0.0000,0.2176,0.1960,-0.0944,0.1568,-0.0755,0.0000,0
14.313,0.2574,0.0928,-0.0000,0.2138,0.1926,-0.0928,0.1455,-0.0701,0.0000,0
14.332,0.2585,0.0922,-0.0000,0.2126,0.1915,-0.0922,0.1505,-0.0725,0.0000,0
14.352,0.2585,0.0922,-0.0000,0.2126,0.1915,-0.0922,0.1532,-0.0738,0.0000,0
14.372,0.2585,0.0922,-0.0000,0.2126,0.1915,-0.0922,0.1532,-0.0738,0.0000,0
14.392,0.2607,0.0912,-0.0000,0.2101,0.1893,-0.0912,0.1460,-0.0703,0.0000,0
14.412,0.2607,0.0912,-0.0000,0.2101,0.1893,-0.0912,0.1515,-0.0729,0.0000,0
14.432,0.2607,0.0912,-0.0000,0.2101,0.1893,-0.0912,0.1515,-0.0729,0.0000,0
14.453,0.2618,0.0906,-0.0000,0.2089,0.1882,-0.0906,0.1477,-0.0711,0.0000,0
14.472,0.2640,0.0896,-0.0000,0.2064,0.1860,-0.0896,0.1433,-0.0690,0.0000,0
14.492,0.2640,0.0896,-0.0000,0.2064,0.1860,-0.0896,0.1488,-0.0717,0.0000,0
14.513,0.2640,0.0896,-0.0000,0.2064,0.1860,-0.0896,0.1488,-0.0717,0.0000,0
14.532,0.2662,0.0885,-0.0000,0.2040,0.1838,-0.0885,0.1417,-0.0682,0.0000,0
14.552,0.2662,0.0885,-0.0000,0.2040,0.1838,-0.0885,0.1471,-0.0708,0.0000,0
14.572,0.2662,0.0885,-0.0000,0.2040,0.1838,-0.0885,0.1471,-0.0708,0.0000,0
14.592,0.2662,0.0885,-0.0000,0.2040,0.1838,-0.0885,0.1471,-0.0708,0.0000,0
14.613,0.2694,0.0870,-0.0000,0.2005,0.1806,-0.0870,0.1364,-0.0657,0.0000,0
14.632,0.2704,0.0865,-0.0000,0.1993,0.1796,-0.0865,0.1412,-0.0680,0.0000,0
14.653,0.2704,0.0865,-0.0000,0.1993,0.1796,-0.0865,0.1437,-0.0692,0.0000,0
14.672,0.2714,0.0860,-0.0000,0.1982,0.1786,-0.0860,0.1403,-0.0676,0.0000,0
14.692,0.2735,0.0850,-0.0000,0.1959,0.1765,-0.0850,0.1359,-0.0655,0.0000,0
14.712,0.2735,0.0850,-0.0000,0.1959,0.1765,-0.0850,0.1412,-0.0680,0.0000,0
14.732,0.2735,0.0850,-0.0000,0.1959,0.1765,-0.0850,0.1412,-0.0680,0.0000,0
14.752,0.2745,0.0845,-0.0000,0.1948,0.1755,-0.0845,0.1379,-0.0664,0.0000,0
14.772,0.2745,0.0845,-0.0000,0.1948,0.1755,-0.0845,0.1404,-0.0676,0.0000,0
14.793,0.2745,0.0845,-0.0000,0.1948,0.1755,-0.0845,0.1404,-0.0676,0.0000,0
14.813,0.2756,0.0840,-0.0000,0.1936,0.1744,-0.0840,0.1369,-0.0660,0.0000,0
14.832,0.2776,0.0830,-0.0000,0.1913,0.1724,-0.0830,0.1328,-0.0640,0.0000,0
14.853,0.2776,0.0830,-0.0000,0.1913,0.1724,-0.0830,0.1379,-0.0664,0.0000,0
14.872,0.2786,0.0826,-0.0000,0.1903,0.1714,-0.0826,0.1347,-0.0649,0.0000,0
14.892,0.2796,0.0821,-0.0000,0.1891,0.1704,-0.0821,0.1338,-0.0644,0.0000,0
14.912,0.2796,0.0821,-0.0000,0.1891,0.1704,-0.0821,0.1363,-0.0656,0.0000,0
14.934,0.2796,0.0821,-0.0000,0.1891,0.1704,-0.0821,0.1363,-0.0656,0.0000,0
14.952,0.2816,0.0811,-0.0000,0.1869,0.1684,-0.0811,0.1297,-0.0625,0.0000,0
14.972,0.2826,0.0806,-0.0000,0.1858,0.1674,-0.0806,0.1316,-0.0634,0.0000,0
14.992,0.2826,0.0806,-0.0000,0.1858,0.1674,-0.0806,0.1339,-0.0645,0.0000,0
15.013,0.2826,0.0806,-0.0000,0.1858,0.1674,-0.0806,0.1339,-0.0645,0.0000,0
15.032,0.2845,0.0797,-0.0000,0.1837,0.1655,-0.0797,0.1275,-0.0614,0.0000,0
15.052,0.2845,0.0797,-0.0000,0.1837,0.1655,-0.0797,0.1324,-0.0638,0.0000,0
15.072,0.2845,0.0797,-0.0000,0.1837,0.1655,-0.0797,0.1324,-0.0638,0.0000,0
15.093,0.2855,0.0792,-0.0000,0.1826,0.1645,-0.0792,0.1293,-0.0623,0.0000,0
15.112,0.2855,0.0792,-0.0000,0.1826,0.1645,-0.0792,0.1316,-0.0634,0.0000,0
15.132,0.2855,0.0792,-0.0000,0.1826,0.1645,-0.0792,0.1316,-0.0634,0.0000,0
15.153,0.2855,0.0792,-0.0000,0.1826,0.1645,-0.0792,0.1316,-0.0634,0.0000,0
15.172,0.2874,0.0783,-0.0000,0.1805,0.1626,-0.0783,0.1252,-0.0603,0.0000,0
15.192,0.2874,0.0783,-0.0000,0.1805,0.1626,-0.0783,0.1301,-0.0626,0.0000,0
15.212,0.2874,0.0783,-0.0000,0.1805,0.1626,-0.0783,0.1301,-0.0626,0.0000,0
15.232,0.2883,0.0779,-0.0000,0.1794,0.1617,-0.0779,0.1270,-0.0612,0.0000,0
15.252,0.2902,0.0769,-0.0000,0.1773,0.1598,-0.0769,0.1231,-0.0593,0.0000,0
15.272,0.2902,0.0769,-0.0000,0.1773,0.1598,-0.0769,0.1278,-0.0616,0.0000,0
15.292,0.2902,0.0769,-0.0000,0.1773,0.1598,-0.0769,0.1278,-0.0616,0.0000,0
15.312,0.2902,0.0769,-0.0000,0.1773,0.1598,-0.0769,0.1278,-0.0616,0.0000,0
15.332,0.2921,0.0760,-0.0000,0.1753,0.1579,-0.0760,0.1217,-0.0586,0.0000,0
15.352,0.2921,0.0760,-0.0000,0.1753,0.1579,-0.0760,0.1263,-0.0608,0.0000,0
15.372,0.2921,0.0760,-0.0000,0.1753,0.1579,-0.0760,0.1263,-0.0608,0.0000,0
15.392,0.2940,0.0751,-0.0000,0.1732,0.1560,-0.0751,0.1201,-0.0578,0.0000,0
15.412,0.2940,0.0751,-0.0000,0.1732,0.1560,-0.0751,0.1248,-0.0601,0.0000,0
15.432,0.2940,0.0751,-0.0000,0.1732,0.1560,-0.0751,0.1248,-0.0601,0.0000,0
15.453,0.2949,0.0747,-0.0000,0.1721,0.1551,-0.0747,0.1217,-0.0586,0.0000,0
15.472,0.2968,0.0738,-0.0000,0.1701,0.1532,-0.0738,0.1179,-0.0568,0.0000,0
15.492,0.2968,0.0738,-0.0000,0.1701,0.1532,-0.0738,0.1226,-0.0590,0.0000,0
15.513,0.2968,0.0738,-0.0000,0.1701,0.1532,-0.0738,0.1226,-0.0590,0.0000,0
15.532,0.3004,0.0721,-0.0000,0.1661,0.1496,-0.0721,0.1106,-0.0533,0.0000,0
15.552,0.3004,0.0721,-0.0000,0.1661,0.1496,-0.0721,0.1197,-0.0576,0.0000,0
15.573,0.3004,0.0721,-0.0000,0.1661,0.1496,-0.0721,0.1197,-0.0576,0.0000,0
15.592,0.3004,0.0721,-0.0000,0.1661,0.1496,-0.0721,0.1197,-0.0576,0.0000,0
15.612,0.3021,0.0712,-0.0000,0.1642,0.1479,-0.0712,0.1141,-0.0549,0.0000,0
15.632,0.3021,0.0712,-0.0000,0.1642,0.1479,-0.0712,0.1183,-0.0570,0.0000,0
15.652,0.3021,0.0712,-0.0000,0.1642,0.1479,-0.0712,0.1183,-0.0570,0.0000,0
15.672,0.3021,0.0712,-0.0000,0.1642,0.1479,-0.0712,0.1183,-0.0570,0.0000,0
15.692,0.3038,0.0704,-0.0000,0.1622,0.1462,-0.0704,0.1126,-0.0542,0.0000,0
15.712,0.3038,0.0704,-0.0000,0.1622,0.1462,-0.0704,0.1169,-0.0563,0.0000,0
15.732,0.3038,0.0704,-0.0000,0.1622,0.1462,-0.0704,0.1169,-0.0563,0.0000,0
15.752,0.3056,0.0696,-0.0000,0.1603,0.1444,-0.0696,0.1112,-0.0536,0.0000,0
15.772,0.3056,0.0696,-0.0000,0.1603,0.1444,-0.0696,0.1156,-0.0557,0.0000,0
15.792,0.3056,0.0696,-0.0000,0.1603,0.1444,-0.0696,0.1156,-0.0557,0.0000,0
15.813,0.3056,0.0696,-0.0000,0.1603,0.1444,-0.0696,0.1156,-0.0557,0.0000,0
15.832,0.3081,0.0683,-0.0000,0.1575,0.1419,-0.0683,0.1072,-0.0516,0.0000,0
15.852,0.3081,0.0683,-0.0000,0.1575,0.1419,-0.0683,0.1135,-0.0547,0.0000,0
15.872,0.3098,0.0675,-0.0000,0.1556,0.1402,-0.0675,0.1079,-0.0520,0.0000,0
15.892,0.3106,0.0671,-0.0000,0.1547,0.1394,-0.0671,0.1094,-0.0527,0.0000,0
15.912,0.3106,0.0671,-0.0000,0.1547,0.1394,-0.0671,0.1115,-0.0537,0.0000,0
15.933,0.3106,0.0671,-0.0000,0.1547,0.1394,-0.0671,0.1115,-0.0537,0.0000,0
15.953,0.3106,0.0671,-0.0000,0.1547,0.1394,-0.0671,0.1115,-0.0537,0.0000,0
15.972,0.3123,0.0663,-0.0000,0.1529,0.1377,-0.0663,0.1061,-0.0511,0.0000,0
15.992,0.3123,0.0663,-0.0000,0.1529,0.1377,-0.0663,0.1102,-0.0531,0.0000,0
16.012,0.3123,0.0663,-0.0000,0.1529,0.1377,-0.0663,0.1102,-0.0531,0.0000,0
16.032,0.3139,0.0656,-0.0000,0.1511,0.1361,-0.0656,0.1049,-0.0505,0.0000,0
16.052,0.3139,0.0656,-0.0000,0.1511,0.1361,-0.0656,0.1089,-0.0524,0.0000,0
16.072,0.3147,0.0652,-0.0000,0.1502,0.1353,-0.0652,0.1062,-0.0512,0.0000,0
16.092,0.3163,0.0644,-0.0000,0.1484,0.1337,-0.0644,0.1030,-0.0496,0.0000,0
16.112,0.3163,0.0644,-0.0000,0.1484,0.1337,-0.0644,0.1070,-0.0515,0.0000,0
16.133,0.3163,0.0644,-0.0000,0.1484,0.1337,-0.0644,0.1070,-0.0515,0.0000,0
16.152,0.3163,0.0644,-0.0000,0.1484,0.1337,-0.0644,0.1070,-0.0515,0.0000,0
16.172,0.3178,0.0637,-0.0000,0.1467,0.1322,-0.0637,0.1019,-0.0491,0.0000,0
16.192,0.3178,0.0637,-0.0000,0.1467,0.1322,-0.0637,0.1057,-0.0509,0.0000,0
16.213,0.3178,0.0637,-0.0000,0.1467,0.1322,-0.0637,0.1057,-0.0509,0.0000,0
16.232,0.3194,0.0629,-0.0000,0.1450,0.1306,-0.0629,0.1007,-0.0485,0.0000,0
16.252,0.3194,0.0629,-0.0000,0.1450,0.1306,-0.0629,0.1045,-0.0503,0.0000,0
16.273,0.3194,0.0629,-0.0000,0.1450,0.1306,-0.0629,0.1045,-0.0503,0.0000,0
16.292,0.3209,0.0622,-0.0000,0.1433,0.1291,-0.0622,0.0995,-0.0479,0.0000,0
16.312,0.3209,0.0622,-0.0000,0.1433,0.1291,-0.0622,0.1033,-0.0498,0.0000,0
16.332,0.3209,0.0622,-0.0000,0.1433,0.1291,-0.0622,0.1033,-0.0498,0.0000,0
16.352,0.3216,0.0618,-0.0000,0.1425,0.1284,-0.0618,0.1009,-0.0486,0.0000,0
16.372,0.3216,0.0618,-0.0000,0.1425,0.1284,-0.0618,0.1027,-0.0495,0.0000,0
16.392,0.3216,0.0618,-0.0000,0.1425,0.1284,-0.0618,0.1027,-0.0495,0.0000,0
16.413,0.3216,0.0618,-0.0000,0.1425,0.1284,-0.0618,0.1027,-0.0495,0.0000,0
16.432,0.3231,0.0611,-0.0000,0.1408,0.1269,-0.0611,0.0977,-0.0471,0.0000,0
16.452,0.3231,0.0611,-0.0000,0.1408,0.1269,-0.0611,0.1015,-0.0489,0.0000,0
16.473,0.3231,0.0611,-0.0000,0.1408,0.1269,-0.0611,0.1015,-0.0489,0.0000,0
16.492,0.3254,0.0600,-0.0000,0.1383,0.1246,-0.0600,0.0941,-0.0453,0.0000,0
16.512,0.3261,0.0597,-0.0000,0.1376,0.1239,-0.0597,0.0974,-0.0469,0.0000,0
16.532,0.3261,0.0597,-0.0000,0.1376,0.1239,-0.0597,0.0992,-0.0478,0.0000,0
16.552,0.3261,0.0597,-0.0000,0.1376,0.1239,-0.0597,0.0992,-0.0478,0.0000,0
16.572,0.3275,0.0590,-0.0000,0.1360,0.1225,-0.0590,0.0945,-0.0455,0.0000,0
16.592,0.3275,0.0590,-0.0000,0.1360,0.1225,-0.0590,0.0980,-0.0472,0.0000,0
16.613,0.3275,0.0590,-0.0000,0.1360,0.1225,-0.0590,0.0980,-0.0472,0.0000,0
16.632,0.3275,0.0590,-0.0000,0.1360,0.1225,-0.0590,0.0980,-0.0472,0.0000,0
16.652,0.3296,0.0580,-0.0000,0.1336,0.1204,-0.0580,0.0909,-0.0438,0.0000,0
16.672,0.3296,0.0580,-0.0000,0.1336,0.1204,-0.0580,0.0963,-0.0464,0.0000,0
16.693,0.3296,0.0580,-0.0000,0.1336,0.1204,-0.0580,0.0963,-0.0464,0.0000,0
16.712,0.3310,0.0573,-0.0000,0.1321,0.1190,-0.0573,0.0917,-0.0442,0.0000,0
16.732,0.3310,0.0573,-0.0000,0.1321,0.1190,-0.0573,0.0952,-0.0458,0.0000,0
16.753,0.3310,0.0573,-0.0000,0.1321,0.1190,-0.0573,0.0952,-0.0458,0.0000,0
16.772,0.3310,0.0573,-0.0000,0.1321,0.1190,-0.0573,0.0952,-0.0458,0.0000,0
16.792,0.3324,0.0566,-0.0000,0.1305,0.1176,-0.0566,0.0905,-0.0436,0.0000,0
16.812,0.3324,0.0566,-0.0000,0.1305,0.1176,-0.0566,0.0940,-0.0453,0.0000,0
16.832,0.3324,0.0566,-0.0000,0.1305,0.1176,-0.0566,0.0940,-0.0453,0.0000,0
16.852,0.3338,0.0560,-0.0000,0.1290,0.1162,-0.0560,0.0896,-0.0431,0.0000,0
16.872,0.3338,0.0560,-0.0000,0.1290,0.1162,-0.0560,0.0930,-0.0448,0.0000,0
16.893,0.3338,0.0560,-0.0000,0.1290,0.1162,-0.0560,0.0930,-0.0448,0.0000,0
16.912,0.3338,0.0560,-0.0000,0.1290,0.1162,-0.0560,0.0930,-0.0448,0.0000,0
16.932,0.3352,0.0553,-0.0000,0.1275,0.1148,-0.0553,0.0885,-0.0426,0.0000,0
16.952,0.3352,0.0553,-0.0000,0.1275,0.1148,-0.0553,0.0919,-0.0442,0.0000,0
16.973,0.3352,0.0553,-0.0000,0.1275,0.1148,-0.0553,0.0919,-0.0442,0.0000,0
16.993,0.3358,0.0550,-0.0000,0.1267,0.1142,-0.0550,0.0897,-0.0432,0.0000,0
17.012,0.3358,0.0550,-0.0000,0.1267,0.1142,-0.0550,0.0914,-0.0440,0.0000,0
17.032,0.3358,0.0550,-0.0000,0.1267,0.1142,-0.0550,0.0914,-0.0440,0.0000,0
17.052,0.3365,0.0547,-0.0000,0.1260,0.1135,-0.0547,0.0891,-0.0429,0.0000,0
17.072,0.3385,0.0537,-0.0000,0.1238,0.1115,-0.0537,0.0842,-0.0405,0.0000,0
17.092,0.3385,0.0537,-0.0000,0.1238,0.1115,-0.0537,0.0892,-0.0430,0.0000,0
17.112,0.3385,0.0537,-0.0000,0.1238,0.1115,-0.0537,0.0892,-0.0430,0.0000,0
17.132,0.3398,0.0531,-0.0000,0.1223,0.1102,-0.0531,0.0850,-0.0409,0.0000,0
17.152,0.3411,0.0525,-0.0000,0.1209,0.1089,-0.0525,0.0840,-0.0404,0.0000,0
17.172,0.3411,0.0525,-0.0000,0.1209,0.1089,-0.0525,0.0872,-0.0420,0.0000,0
17.193,0.3417,0.0522,-0.0000,0.1202,0.1083,-0.0522,0.0851,-0.0410,0.0000,0
17.212,0.3423,0.0519,-0.0000,0.1195,0.1077,-0.0519,0.0845,-0.0407,0.0000,0
17.232,0.3423,0.0519,-0.0000,0.1195,0.1077,-0.0519,0.0861,-0.0415,0.0000,0
17.252,0.3423,0.0519,-0.0000,0.1195,0.1077,-0.0519,0.0861,-0.0415,0.0000,0
17.272,0.3430,0.0516,-0.0000,0.1188,0.1070,-0.0516,0.0841,-0.0405,0.0000,0
17.292,0.3442,0.0510,-0.0000,0.1174,0.1058,-0.0510,0.0815,-0.0392,0.0000,0
17.314,0.3442,0.0510,-0.0000,0.1174,0.1058,-0.0510,0.0846,-0.0408,0.0000,0
17.333,0.3448,0.0507,-0.0000,0.1168,0.1052,-0.0507,0.0826,-0.0398,0.0000,0
17.352,0.3448,0.0507,-0.0000,0.1168,0.1052,-0.0507,0.0842,-0.0405,0.0000,0
17.372,0.3448,0.0507,-0.0000,0.1168,0.1052,-0.0507,0.0842,-0.0405,0.0000,0
17.393,0.3448,0.0507,-0.0000,0.1168,0.1052,-0.0507,0.0842,-0.0405,0.0000,0
17.412,0.3460,0.0501,-0.0000,0.1154,0.1040,-0.0501,0.0801,-0.0386,0.0000,0
17.432,0.3460,0.0501,-0.0000,0.1154,0.1040,-0.0501,0.0832,-0.0401,0.0000,0
17.452,0.3460,0.0501,-0.0000,0.1154,0.1040,-0.0501,0.0832,-0.0401,0.0000,0
17.472,0.3479,0.0492,-0.0000,0.1134,0.1021,-0.0492,0.0771,-0.0371,0.0000,0
17.492,0.3479,0.0492,-0.0000,0.1134,0.1021,-0.0492,0.0817,-0.0393,0.0000,0
17.512,0.3479,0.0492,-0.0000,0.1134,0.1021,-0.0492,0.0817,-0.0393,0.0000,0
17.532,0.3491,0.0486,-0.0000,0.1120,0.1009,-0.0486,0.0778,-0.0375,0.0000,0
17.552,0.3497,0.0483,-0.0000,0.1114,0.1003,-0.0483,0.0788,-0.0379,0.0000,0
17.572,0.3497,0.0483,-0.0000,0.1114,0.1003,-0.0483,0.0803,-0.0387,0.0000,0
17.593,0.3497,0.0483,-0.0000,0.1114,0.1003,-0.0483,0.0803,-0.0387,0.0000,0
17.612,0.3502,0.0480,-0.0000,0.1107,0.0998,-0.0480,0.0784,-0.0377,0.0000,0
17.632,0.3502,0.0480,-0.0000,0.1107,0.0998,-0.0480,0.0798,-0.0384,0.0000,0
17.653,0.3502,0.0480,-0.0000,0.1107,0.0998,-0.0480,0.0798,-0.0384,0.0000,0
17.672,0.3508,0.0478,-0.0000,0.1101,0.0992,-0.0478,0.0779,-0.0375,0.0000,0
17.692,0.3514,0.0475,-0.0000,0.1094,0.0986,-0.0475,0.0774,-0.0373,0.0000,0
17.712,0.3514,0.0475,-0.0000,0.1094,0.0986,-0.0475,0.0789,-0.0380,0.0000,0
17.732,0.3520,0.0472,-0.0000,0.1088,0.0980,-0.0472,0.0770,-0.0371,0.0000,0
17.752,0.3531,0.0466,-0.0000,0.1075,0.0969,-0.0466,0.0746,-0.0359,0.0000,0
17.772,0.3531,0.0466,-0.0000,0.1075,0.0969,-0.0466,0.0775,-0.0373,0.0000,0
17.793,0.3537,0.0464,-0.0000,0.1069,0.0963,-0.0464,0.0757,-0.0364,0.0000,0
17.812,0.3548,0.0458,-0.0000,0.1056,0.0952,-0.0458,0.0733,-0.0353,0.0000,0
17.832,0.3548,0.0458,-0.0000,0.1056,0.0952,-0.0458,0.0761,-0.0367,0.0000,0
17.853,0.3548,0.0458,-0.0000,0.1056,0.0952,-0.0458,0.0761,-0.0367,0.0000,0
17.872,0.3554,0.0456,-0.0000,0.1050,0.0946,-0.0456,0.0744,-0.0358,0.0000,0
17.892,0.3559,0.0453,-0.0000,0.1044,0.0941,-0.0453,0.0739,-0.0356,0.0000,0
17.912,0.3559,0.0453,-0.0000,0.1044,0.0941,-0.0453,0.0753,-0.0362,0.0000,0
17.932,0.3565,0.0450,-0.0000,0.1038,0.0935,-0.0450,0.0734,-0.0354,0.0000,0
17.952,0.3565,0.0450,-0.0000,0.1038,0.0935,-0.0450,0.0748,-0.0360,0.0000,0
17.972,0.3565,0.0450,-0.0000,0.1038,0.0935,-0.0450,0.0748,-0.0360,0.0000,0
17.993,0.3565,0.0450,-0.0000,0.1038,0.0935,-0.0450,0.0748,-0.0360,0.0000,0
18.012,0.3570,0.0448,-0.0000,0.1032,0.0930,-0.0448,0.0730,-0.0352,0.0000,0
18.032,0.3576,0.0445,-0.0000,0.1026,0.0924,-0.0445,0.0726,-0.0349,0.0000,0
18.052,0.3576,0.0445,-0.0000,0.1026,0.0924,-0.0445,0.0739,-0.0356,0.0000,0
18.072,0.3581,0.0443,-0.0000,0.1020,0.0919,-0.0443,0.0722,-0.0348,0.0000,0
18.092,0.3587,0.0440,-0.0000,0.1014,0.0913,-0.0440,0.0717,-0.0345,0.0000,0
18.112,0.3587,0.0440,-0.0000,0.1014,0.0913,-0.0440,0.0731,-0.0352,0.0000,0
18.132,0.3587,0.0440,-0.0000,0.1014,0.0913,-0.0440,0.0731,-0.0352,0.0000,0
18.152,0.3597,0.0435,-0.0000,0.1002,0.0903,-0.0435,0.0695,-0.0335,0.0000,0
18.172,0.3597,0.0435,-0.0000,0.1002,0.0903,-0.0435,0.0722,-0.0348,0.0000,0
18.194,0.3597,0.0435,-0.0000,0.1002,0.0903,-0.0435,0.0722,-0.0348,0.0000,0
18.212,0.3608,0.0430,-0.0000,0.0990,0.0892,-0.0430,0.0687,-0.0331,0.0000,0
18.232,0.3618,0.0425,-0.0000,0.0979,0.0882,-0.0425,0.0679,-0.0327,0.0000,0
18.252,0.3618,0.0425,-0.0000,0.0979,0.0882,-0.0425,0.0705,-0.0340,0.0000,0
18.272,0.3618,0.0425,-0.0000,0.0979,0.0882,-0.0425,0.0705,-0.0340,0.0000,0
18.293,0.3623,0.0422,-0.0000,0.0973,0.0877,-0.0422,0.0689,-0.0332,0.0000,0
18.312,0.3623,0.0422,-0.0000,0.0973,0.0877,-0.0422,0.0701,-0.0338,0.0000,0
18.332,0.3623,0.0422,-0.0000,0.0973,0.0877,-0.0422,0.0701,-0.0338,0.0000,0
18.352,0.3634,0.0417,-0.0000,0.0962,0.0866,-0.0417,0.0667,-0.0321,0.0000,0
18.372,0.3634,0.0417,-0.0000,0.0962,0.0866,-0.0417,0.0693,-0.0334,0.0000,0
18.392,0.3634,0.0417,-0.0000,0.0962,0.0866,-0.0417,0.0693,-0.0334,0.0000,0
18.412,0.3639,0.0415,-0.0000,0.0956,0.0861,-0.0415,0.0677,-0.0326,0.0000,0
18.432,0.3649,0.0410,-0.0000,0.0945,0.0851,-0.0410,0.0656,-0.0316,0.0000,0
18.452,0.3649,0.0410,-0.0000,0.0945,0.0851,-0.0410,0.0681,-0.0328,0.0000,0
18.472,0.3649,0.0410,-0.0000,0.0945,0.0851,-0.0410,0.0681,-0.0328,0.0000,0
18.493,0.3654,0.0408,-0.0000,0.0939,0.0846,-0.0408,0.0665,-0.0320,0.0000,0
18.512,0.3659,0.0405,-0.0000,0.0934,0.0841,-0.0405,0.0661,-0.0318,0.0000,0
18.533,0.3659,0.0405,-0.0000,0.0934,0.0841,-0.0405,0.0673,-0.0324,0.0000,0
18.552,0.3664,0.0403,-0.0000,0.0928,0.0836,-0.0403,0.0657,-0.0316,0.0000,0
18.572,0.3664,0.0403,-0.0000,0.0928,0.0836,-0.0403,0.0669,-0.0322,0.0000,0
18.592,0.3664,0.0403,-0.0000,0.0928,0.0836,-0.0403,0.0669,-0.0322,0.0000,0
18.612,0.3664,0.0403,-0.0000,0.0928,0.0836,-0.0403,0.0669,-0.0322,0.0000,0
18.632,0.3673,0.0398,-0.0000,0.0917,0.0827,-0.0398,0.0636,-0.0307,0.0000,0
18.652,0.3673,0.0398,-0.0000,0.0917,0.0827,-0.0398,0.0661,-0.0318,0.0000,0
18.672,0.3673,0.0398,-0.0000,0.0917,0.0827,-0.0398,0.0661,-0.0318,0.0000,0
18.693,0.3683,0.0393,-0.0000,0.0907,0.0817,-0.0393,0.0630,-0.0303,0.0000,0
18.712,0.3683,0.0393,-0.0000,0.0907,0.0817,-0.0393,0.0654,-0.0315,0.0000,0
18.733,0.3683,0.0393,-0.0000,0.0907,0.0817,-0.0393,0.0654,-0.0315,0.0000,0
18.752,0.3693,0.0389,-0.0000,0.0896,0.0807,-0.0389,0.0622,-0.0300,0.0000,0
18.772,0.3693,0.0389,-0.0000,0.0896,0.0807,-0.0389,0.0646,-0.0311,0.0000,0
18.792,0.3693,0.0389,-0.0000,0.0896,0.0807,-0.0389,0.0646,-0.0311,0.0000,0
18.812,0.3693,0.0389,-0.0000,0.0896,0.0807,-0.0389,0.0646,-0.0311,0.0000,0
18.832,0.3702,0.0384,-0.0000,0.0886,0.0798,-0.0384,0.0615,-0.0296,0.0000,0
18.852,0.3702,0.0384,-0.0000,0.0886,0.0798,-0.0384,0.0638,-0.0307,0.0000,0
18.872,0.3702,0.0384,-0.0000,0.0886,0.0798,-0.0384,0.0638,-0.0307,0.0000,0
18.892,0.3711,0.0380,-0.0000,0.0876,0.0789,-0.0380,0.0608,-0.0293,0.0000,0
18.912,0.3711,0.0380,-0.0000,0.0876,0.0789,-0.0380,0.0631,-0.0304,0.0000,0
18.933,0.3711,0.0380,-0.0000,0.0876,0.0789,-0.0380,0.0631,-0.0304,0.0000,0
18.952,0.3721,0.0375,-0.0000,0.0865,0.0779,-0.0375,0.0600,-0.0289,0.0000,0
18.972,0.3725,0.0373,-0.0000,0.0860,0.0775,-0.0373,0.0609,-0.0293,0.0000,0
18.992,0.3725,0.0373,-0.0000,0.0860,0.0775,-0.0373,0.0620,-0.0299,0.0000,0
19.012,0.3725,0.0373,-0.0000,0.0860,0.0775,-0.0373,0.0620,-0.0299,0.0000,0
19.032,0.3734,0.0369,-0.0000,0.0850,0.0766,-0.0369,0.0590,-0.0284,0.0000,0
19.052,0.3734,0.0369,-0.0000,0.0850,0.0766,-0.0369,0.0613,-0.0295,0.0000,0
19.073,0.3734,0.0369,-0.0000,0.0850,0.0766,-0.0369,0.0613,-0.0295,0.0000,0
19.093,0.3747,0.0362,-0.0000,0.0835,0.0753,-0.0362,0.0568,-0.0274,0.0000,0
19.112,0.3747,0.0362,-0.0000,0.0835,0.0753,-0.0362,0.0602,-0.0290,0.0000,0
19.132,0.3747,0.0362,-0.0000,0.0835,0.0753,-0.0362,0.0602,-0.0290,0.0000,0
19.152,0.3747,0.0362,-0.0000,0.0835,0.0753,-0.0362,0.0602,-0.0290,0.0000,0
19.172,0.3756,0.0358,-0.0000,0.0826,0.0744,-0.0358,0.0573,-0.0276,0.0000,0
19.192,0.3756,0.0358,-0.0000,0.0826,0.0744,-0.0358,0.0595,-0.0287,0.0000,0
19.213,0.3756,0.0358,-0.0000,0.0826,0.0744,-0.0358,0.0595,-0.0287,0.0000,0
19.232,0.3760,0.0356,-0.0000,0.0821,0.0740,-0.0356,0.0581,-0.0280,0.0000,0
19.252,0.3760,0.0356,-0.0000,0.0821,0.0740,-0.0356,0.0592,-0.0285,0.0000,0
19.272,0.3760,0.0356,-0.0000,0.0821,0.0740,-0.0356,0.0592,-0.0285,0.0000,0
19.292,0.3760,0.0356,-0.0000,0.0821,0.0740,-0.0356,0.0592,-0.0285,0.0000,0
19.312,0.3769,0.0352,-0.0000,0.0811,0.0731,-0.0352,0.0563,-0.0271,0.0000,0
19.332,0.3769,0.0352,-0.0000,0.0811,0.0731,-0.0352,0.0585,-0.0282,0.0000,0
19.352,0.3778,0.0348,-0.0000,0.0802,0.0722,-0.0348,0.0557,-0.0268,0.0000,0
19.372,0.3786,0.0344,-0.0000,0.0792,0.0714,-0.0344,0.0550,-0.0265,0.0000,0
19.392,0.3786,0.0344,-0.0000,0.0792,0.0714,-0.0344,0.0571,-0.0275,0.0000,0
19.413,0.3786,0.0344,-0.0000,0.0792,0.0714,-0.0344,0.0571,-0.0275,0.0000,0
19.433,0.3790,0.0342,-0.0000,0.0788,0.0710,-0.0342,0.0558,-0.0269,0.0000,0
19.452,0.3794,0.0340,-0.0000,0.0783,0.0706,-0.0340,0.0554,-0.0267,0.0000,0
19.472,0.3794,0.0340,-0.0000,0.0783,0.0706,-0.0340,0.0565,-0.0272,0.0000,0
19.492,0.3794,0.0340,-0.0000,0.0783,0.0706,-0.0340,0.0565,-0.0272,0.0000,0
19.512,0.3803,0.0336,-0.0000,0.0774,0.0697,-0.0336,0.0537,-0.0259,0.0000,0
19.532,0.3803,0.0336,-0.0000,0.0774,0.0697,-0.0336,0.0558,-0.0269,0.0000,0
19.553,0.3803,0.0336,-0.0000,0.0774,0.0697,-0.0336,0.0558,-0.0269,0.0000,0
19.572,0.3807,0.0334,-0.0000,0.0770,0.0693,-0.0334,0.0545,-0.0262,0.0000,0
19.592,0.3807,0.0334,-0.0000,0.0770,0.0693,-0.0334,0.0555,-0.0267,0.0000,0
19.612,0.3807,0.0334,-0.0000,0.0770,0.0693,-0.0334,0.0555,-0.0267,0.0000,0
19.632,0.3807,0.0334,-0.0000,0.0770,0.0693,-0.0334,0.0555,-0.0267,0.0000,0
19.652,0.3811,0.0332,-0.0000,0.0765,0.0689,-0.0332,0.0541,-0.0261,0.0000,0
19.672,0.3815,0.0330,-0.0000,0.0760,0.0685,-0.0330,0.0538,-0.0259,0.0000,0
19.692,0.3815,0.0330,-0.0000,0.0760,0.0685,-0.0330,0.0548,-0.0264,0.0000,0
19.712,0.3823,0.0326,-0.0000,0.0752,0.0677,-0.0326,0.0522,-0.0251,0.0000,0
19.732,0.3831,0.0322,-0.0000,0.0743,0.0669,-0.0322,0.0516,-0.0248,0.0000,0
19.752,0.3831,0.0322,-0.0000,0.0743,0.0669,-0.0322,0.0535,-0.0258,0.0000,0
19.772,0.3831,0.0322,-0.0000,0.0743,0.0669,-0.0322,0.0535,-0.0258,0.0000,0
19.792,0.3839,0.0319,-0.0000,0.0734,0.0661,-0.0319,0.0510,-0.0245,0.0000,0
19.812,0.3839,0.0319,-0.0000,0.0734,0.0661,-0.0319,0.0529,-0.0255,0.0000,0
19.832,0.3839,0.0319,-0.0000,0.0734,0.0661,-0.0319,0.0529,-0.0255,0.0000,0
19.852,0.3839,0.0319,-0.0000,0.0734,0.0661,-0.0319,0.0529,-0.0255,0.0000,0
19.872,0.3850,0.0313,-0.0000,0.0721,0.0650,-0.0313,0.0491,-0.0236,0.0000,0
19.892,0.3850,0.0313,-0.0000,0.0721,0.0650,-0.0313,0.0520,-0.0250,0.0000,0
19.913,0.3850,0.0313,-0.0000,0.0721,0.0650,-0.0313,0.0520,-0.0250,0.0000,0
19.932,0.3850,0.0313,-0.0000,0.0721,0.0650,-0.0313,0.0520,-0.0250,0.0000,0
19.952,0.3858,0.0309,-0.0000,0.0713,0.0642,-0.0309,0.0495,-0.0238,0.0000,0
19.972,0.3858,0.0309,-0.0000,0.0713,0.0642,-0.0309,0.0514,-0.0247,0.0000,0
19.993,0.3858,0.0309,-0.0000,0.0713,0.0642,-0.0309,0.0514,-0.0247,0.0000,0
20.012,0.3865,0.0306,-0.0000,0.0704,0.0635,-0.0306,0.0489,-0.0235,0.0000,0
20.032,0.3865,0.0306,-0.0000,0.0704,0.0635,-0.0306,0.0508,-0.0245,0.0000,0
20.052,0.3865,0.0306,-0.0000,0.0704,0.0635,-0.0306,0.0508,-0.0245,0.0000,0
20.072,0.3873,0.0302,-0.0000,0.0696,0.0627,-0.0302,0.0483,-0.0233,0.0000,0
20.092,0.3880,0.0299,-0.0000,0.0688,0.0620,-0.0299,0.0478,-0.0230,0.0000,0
20.112,0.3880,0.0299,-0.0000,0.0688,0.0620,-0.0299,0.0496,-0.0239,0.0000,0
20.133,0.3880,0.0299,-0.0000,0.0688,0.0620,-0.0299,0.0496,-0.0239,0.0000,0
20.152,0.3884,0.0297,-0.0000,0.0684,0.0616,-0.0297,0.0484,-0.0233,0.0000,0
20.172,0.3887,0.0295,-0.0000,0.0680,0.0613,-0.0295,0.0481,-0.0232,0.0000,0
20.193,0.3887,0.0295,-0.0000,0.0680,0.0613,-0.0295,0.0490,-0.0236,0.0000,0
20.213,0.3887,0.0295,-0.0000,0.0680,0.0613,-0.0295,0.0490,-0.0236,0.0000,0
20.233,0.3891,0.0293,-0.0000,0.0676,0.0609,-0.0293,0.0478,-0.0230,0.0000,0
20.253,0.3891,0.0293,-0.0000,0.0676,0.0609,-0.0293,0.0487,-0.0235,0.0000,0
20.273,0.3891,0.0293,-0.0000,0.0676,0.0609,-0.0293,0.0487,-0.0235,0.0000,0
20.292,0.3891,0.0293,-0.0000,0.0676,0.0609,-0.0293,0.0487,-0.0235,0.0000,0
20.312,0.3898,0.0290,-0.0000,0.0668,0.0602,-0.0290,0.0463,-0.0223,0.0000,0
20.332,0.3898,0.0290,-0.0000,0.0668,0.0602,-0.0290,0.0482,-0.0232,0.0000,0
20.354,0.3898,0.0290,-0.0000,0.0668,0.0602,-0.0290,0.0482,-0.0232,0.0000,0
20.373,0.3898,0.0290,-0.0000,0.0668,0.0602,-0.0290,0.0482,-0.0232,0.0000,0
20.393,0.3912,0.0283,-0.0000,0.0653,0.0588,-0.0283,0.0435,-0.0210,0.0000,0
20.412,0.3912,0.0283,-0.0000,0.0653,0.0588,-0.0283,0.0470,-0.0227,0.0000,0
20.433,0.3912,0.0283,-0.0000,0.0653,0.0588,-0.0283,0.0470,-0.0227,0.0000,0
20.452,0.3922,0.0278,-0.0000,0.0641,0.0578,-0.0278,0.0437,-0.0210,0.0000,0
20.472,0.3922,0.0278,-0.0000,0.0641,0.0578,-0.0278,0.0462,-0.0223,0.0000,0
20.492,0.3922,0.0278,-0.0000,0.0641,0.0578,-0.0278,0.0462,-0.0223,0.0000,0
20.512,0.3929,0.0275,-0.0000,0.0634,0.0571,-0.0275,0.0440,-0.0212,0.0000,0
20.532,0.3932,0.0273,-0.0000,0.0630,0.0568,-0.0273,0.0446,-0.0215,0.0000,0
20.552,0.3932,0.0273,-0.0000,0.0630,0.0568,-0.0273,0.0454,-0.0219,0.0000,0
20.573,0.3932,0.0273,-0.0000,0.0630,0.0568,-0.0273,0.0454,-0.0219,0.0000,0
20.592,0.3932,0.0273,-0.0000,0.0630,0.0568,-0.0273,0.0454,-0.0219,0.0000,0
20.612,0.3936,0.0272,-0.0000,0.0626,0.0564,-0.0272,0.0443,-0.0214,0.0000,0
20.633,0.3936,0.0272,-0.0000,0.0626,0.0564,-0.0272,0.0451,-0.0217,0.0000,0
20.653,0.3936,0.0272,-0.0000,0.0626,0.0564,-0.0272,0.0451,-0.0217,0.0000,0
20.673,0.3939,0.0270,-0.0000,0.0623,0.0561,-0.0270,0.0440,-0.0212,0.0000,0
20.692,0.3942,0.0269,-0.0000,0.0619,0.0558,-0.0269,0.0438,-0.0211,0.0000,0
20.712,0.3942,0.0269,-0.0000,0.0619,0.0558,-0.0269,0.0446,-0.0215,0.0000,0
20.732,0.3946,0.0267,-0.0000,0.0615,0.0554,-0.0267,0.0435,-0.0210,0.0000,0
20.752,0.3952,0.0264,-0.0000,0.0608,0.0548,-0.0264,0.0422,-0.0203,0.0000,0
20.773,0.3952,0.0264,-0.0000,0.0608,0.0548,-0.0264,0.0438,-0.0211,0.0000,0
20.792,0.3952,0.0264,-0.0000,0.0608,0.0548,-0.0264,0.0438,-0.0211,0.0000,0
20.812,0.3952,0.0264,-0.0000,0.0608,0.0548,-0.0264,0.0438,-0.0211,0.0000,0
20.832,0.3962,0.0259,-0.0000,0.0598,0.0538,-0.0259,0.0407,-0.0196,0.0000,0
20.853,0.3962,0.0259,-0.0000,0.0598,0.0538,-0.0259,0.0431,-0.0207,0.0000,0
20.874,0.3962,0.0259,-0.0000,0.0598,0.0538,-0.0259,0.0431,-0.0207,0.0000,0
20.893,0.3965,0.0258,-0.0000,0.0594,0.0535,-0.0258,0.0421,-0.0203,0.0000,0
20.913,0.3968,0.0256,-0.0000,0.0591,0.0532,-0.0256,0.0418,-0.0201,0.0000,0
20.932,0.3968,0.0256,-0.0000,0.0591,0.0532,-0.0256,0.0426,-0.0205,0.0000,0
20.953,0.3968,0.0256,-0.0000,0.0591,0.0532,-0.0256,0.0426,-0.0205,0.0000,0
20.972,0.3974,0.0253,-0.0000,0.0584,0.0526,-0.0253,0.0405,-0.0195,0.0000,0
20.993,0.3974,0.0253,-0.0000,0.0584,0.0526,-0.0253,0.0421,-0.0203,0.0000,0
21.012,0.3974,0.0253,-0.0000,0.0584,0.0526,-0.0253,0.0421,-0.0203,0.0000,0
21.032,0.3974,0.0253,-0.0000,0.0584,0.0526,-0.0253,0.0421,-0.0203,0.0000,0
21.053,0.3983,0.0249,-0.0000,0.0574,0.0517,-0.0249,0.0390,-0.0188,0.0000,0
21.073,0.3983,0.0249,-0.0000,0.0574,0.0517,-0.0249,0.0413,-0.0199,0.0000,0
21.093,0.3983,0.0249,-0.0000,0.0574,0.0517,-0.0249,0.0413,-0.0199,0.0000,0
21.113,0.3983,0.0249,-0.0000,0.0574,0.0517,-0.0249,0.0413,-0.0199,0.0000,0
21.133,0.3986,0.0247,-0.0000,0.0570,0.0514,-0.0247,0.0404,-0.0195,0.0000,0
21.152,0.3986,0.0247,-0.0000,0.0570,0.0514,-0.0247,0.0411,-0.0198,0.0000,0
21.173,0.3986,0.0247,-0.0000,0.0570,0.0514,-0.0247,0.0411,-0.0198,0.0000,0
21.193,0.3986,0.0247,-0.0000,0.0570,0.0514,-0.0247,0.0411,-0.0198,0.0000,0
21.213,0.3992,0.0245,-0.0000,0.0564,0.0508,-0.0245,0.0391,-0.0189,0.0000,0
21.233,0.3992,0.0245,-0.0000,0.0564,0.0508,-0.0245,0.0406,-0.0196,0.0000,0
21.252,0.3992,0.0245,-0.0000,0.0564,0.0508,-0.0245,0.0406,-0.0196,0.0000,0
21.273,0.3992,0.0245,-0.0000,0.0564,0.0508,-0.0245,0.0406,-0.0196,0.0000,0
21.293,0.4004,0.0239,-0.0000,0.0550,0.0496,-0.0239,0.0366,-0.0176,0.0000,0
21.313,0.4004,0.0239,-0.0000,0.0550,0.0496,-0.0239,0.0397,-0.0191,0.0000,0
21.333,0.4004,0.0239,-0.0000,0.0550,0.0496,-0.0239,0.0397,-0.0191,0.0000,0
21.352,0.4004,0.0239,-0.0000,0.0550,0.0496,-0.0239,0.0397,-0.0191,0.0000,0
21.372,0.4010,0.0236,-0.0000,0.0544,0.0490,-0.0236,0.0378,-0.0182,0.0000,0
21.393,0.4016,0.0233,-0.0000,0.0538,0.0484,-0.0233,0.0373,-0.0180,0.0000,0
21.412,0.4016,0.0233,-0.0000,0.0538,0.0484,-0.0233,0.0388,-0.0187,0.0000,0
21.432,0.4016,0.0233,-0.0000,0.0538,0.0484,-0.0233,0.0388,-0.0187,0.0000,0
21.452,0.4018,0.0232,-0.0000,0.0535,0.0482,-0.0232,0.0378,-0.0182,0.0000,0
21.473,0.4024,0.0229,-0.0000,0.0528,0.0476,-0.0229,0.0367,-0.0177,0.0000,0
21.494,0.4024,0.0229,-0.0000,0.0528,0.0476,-0.0229,0.0381,-0.0183,0.0000,0
21.513,0.4024,0.0229,-0.0000,0.0528,0.0476,-0.0229,0.0381,-0.0183,0.0000,0
21.533,0.4027,0.0228,-0.0000,0.0525,0.0473,-0.0228,0.0372,-0.0179,0.0000,0
21.552,0.4027,0.0228,-0.0000,0.0525,0.0473,-0.0228,0.0379,-0.0182,0.0000,0
21.573,0.4027,0.0228,-0.0000,0.0525,0.0473,-0.0228,0.0379,-0.0182,0.0000,0
21.593,0.4027,0.0228,-0.0000,0.0525,0.0473,-0.0228,0.0379,-0.0182,0.0000,0
21.612,0.4035,0.0224,-0.0000,0.0516,0.0465,-0.0224,0.0351,-0.0169,0.0000,0
21.632,0.4035,0.0224,-0.0000,0.0516,0.0465,-0.0224,0.0372,-0.0179,0.0000,0
21.652,0.4041,0.0221,-0.0000,0.0510,0.0459,-0.0221,0.0354,-0.0171,0.0000,0
21.672,0.4046,0.0219,-0.0000,0.0504,0.0454,-0.0219,0.0350,-0.0168,0.0000,0
21.692,0.4046,0.0219,-0.0000,0.0504,0.0454,-0.0219,0.0363,-0.0175,0.0000,0
21.712,0.4046,0.0219,-0.0000,0.0504,0.0454,-0.0219,0.0363,-0.0175,0.0000,0
21.732,0.4049,0.0217,-0.0000,0.0501,0.0451,-0.0217,0.0355,-0.0171,0.0000,0
21.753,0.4051,0.0216,-0.0000,0.0498,0.0449,-0.0216,0.0000,0.0000,0.0000,1
